Date, Count
21/03/2019 10:16:27,689124
21/03/2019 10:16:42,689130
21/03/2019 10:16:54,689135
21/03/2019 10:16:59,689135
21/03/2019 10:17:04,689135
21/03/2019 10:17:14,689142
21/03/2019 10:17:22,689171
21/03/2019 10:17:29,689701
21/03/2019 10:17:34,690048
21/03/2019 10:17:39,690109
21/03/2019 10:17:44,690530
21/03/2019 10:17:49,691135
21/03/2019 10:17:54,691440
21/03/2019 10:17:59,691476
21/03/2019 10:18:04,691523
21/03/2019 10:18:10,691581
21/03/2019 10:18:15,691676
21/03/2019 10:18:20,691776
21/03/2019 10:18:25,691920
21/03/2019 10:18:30,692056
21/03/2019 10:18:35,692238
21/03/2019 10:18:40,692464
21/03/2019 10:18:45,692701
21/03/2019 10:18:50,692971
21/03/2019 10:18:55,693246
21/03/2019 10:19:00,693524
21/03/2019 10:19:05,693837
21/03/2019 10:19:10,694185
21/03/2019 10:19:16,694549
21/03/2019 10:19:21,694876
21/03/2019 10:19:26,695261
21/03/2019 10:19:31,695669
21/03/2019 10:19:36,696043
21/03/2019 10:19:43,696197
21/03/2019 10:19:56,696198
21/03/2019 10:20:09,696198
21/03/2019 10:20:14,696198
21/03/2019 10:20:30,696198
21/03/2019 10:20:40,696198
21/03/2019 10:20:45,696198
21/03/2019 10:20:50,696198
21/03/2019 10:20:57,696198
21/03/2019 10:21:02,696198
21/03/2019 10:21:12,696198
21/03/2019 10:21:17,696198
21/03/2019 10:21:28,696198
21/03/2019 10:21:38,696198
21/03/2019 10:21:43,696198
21/03/2019 10:21:50,696198
21/03/2019 10:21:55,696198
21/03/2019 10:22:02,696198
21/03/2019 10:22:27,696198
21/03/2019 10:22:32,696198
21/03/2019 10:22:37,696198
21/03/2019 10:22:42,696198
21/03/2019 10:22:47,696198
21/03/2019 10:22:56,696199
21/03/2019 10:23:06,696200
21/03/2019 10:23:16,696200
21/03/2019 10:23:21,696200
21/03/2019 10:23:26,696200
21/03/2019 10:23:32,696200
21/03/2019 10:23:41,696201
21/03/2019 10:23:49,696201
21/03/2019 10:23:54,696201
21/03/2019 10:24:01,696201
21/03/2019 10:24:08,696202
21/03/2019 10:24:13,696202
21/03/2019 10:24:18,696202
21/03/2019 10:24:24,696203
21/03/2019 10:24:41,696203
21/03/2019 10:24:51,696204
21/03/2019 10:25:00,696204
21/03/2019 10:25:13,696204
21/03/2019 10:25:23,696204
21/03/2019 10:25:32,696204
21/03/2019 10:25:39,696204
21/03/2019 10:25:51,696204
21/03/2019 10:25:58,696204
21/03/2019 10:26:09,696204
21/03/2019 10:26:17,696204
21/03/2019 10:26:22,696204
21/03/2019 10:26:27,696204
21/03/2019 10:26:32,696204
21/03/2019 10:26:41,696204
21/03/2019 10:26:47,696204
21/03/2019 10:26:55,696204
21/03/2019 10:27:05,696204
21/03/2019 10:27:35,696204
21/03/2019 10:27:45,696204
21/03/2019 10:27:50,696204
21/03/2019 10:27:55,696204
21/03/2019 10:28:01,696204
21/03/2019 10:28:15,696204
21/03/2019 10:28:29,696204
21/03/2019 10:28:36,696204
21/03/2019 10:28:42,696204
21/03/2019 10:28:50,696204
21/03/2019 10:28:55,696204
21/03/2019 10:29:05,696204
21/03/2019 10:29:13,696204
21/03/2019 10:29:45,696205
21/03/2019 10:30:21,696206
21/03/2019 10:30:56,696206
21/03/2019 10:31:26,696206
21/03/2019 10:31:56,696206
21/03/2019 10:32:30,696207
21/03/2019 10:33:00,696207
21/03/2019 10:33:35,696208
21/03/2019 10:34:05,696208
21/03/2019 10:34:35,696208
21/03/2019 10:35:05,696208
21/03/2019 10:35:46,696208
21/03/2019 10:36:24,696208
21/03/2019 10:37:06,696209
21/03/2019 10:37:36,696209
21/03/2019 10:38:06,696209
21/03/2019 10:38:39,696209
21/03/2019 10:39:09,696209
21/03/2019 10:39:39,696209
21/03/2019 10:40:15,696211
21/03/2019 10:40:45,696211
21/03/2019 10:41:15,696211
21/03/2019 10:41:45,696211
21/03/2019 10:42:15,696211
21/03/2019 10:42:45,696211
21/03/2019 10:43:15,696211
21/03/2019 10:43:46,696211
21/03/2019 10:44:16,696211
21/03/2019 10:45:33,696215
21/03/2019 10:46:03,696215
21/03/2019 10:46:38,696215
21/03/2019 10:47:08,696215
21/03/2019 10:47:38,696215
21/03/2019 10:48:08,696215
21/03/2019 10:48:38,696215
21/03/2019 10:49:08,696215
21/03/2019 10:49:38,696215
21/03/2019 10:50:08,696215
21/03/2019 10:50:38,696215
21/03/2019 10:51:09,705463
21/03/2019 10:51:39,706023
21/03/2019 10:52:09,706572
21/03/2019 10:52:39,707161
21/03/2019 10:53:09,707772
21/03/2019 10:53:39,708366
21/03/2019 10:54:09,708959
21/03/2019 10:54:39,709581
21/03/2019 10:55:09,710257
21/03/2019 10:55:39,710986
21/03/2019 10:56:09,711881
21/03/2019 10:56:39,712878
21/03/2019 10:57:09,713927
21/03/2019 10:57:39,715101
21/03/2019 10:58:09,716187
21/03/2019 10:58:39,717347
21/03/2019 10:59:10,718488
21/03/2019 10:59:40,719654
21/03/2019 11:00:10,720718
21/03/2019 11:00:40,721855
21/03/2019 11:01:10,722925
21/03/2019 11:01:40,724034
21/03/2019 11:02:10,725120
21/03/2019 11:02:40,726211
21/03/2019 11:03:10,727364
21/03/2019 11:03:40,728527
21/03/2019 11:04:10,729666
21/03/2019 11:04:40,730776
21/03/2019 11:05:14,731164
21/03/2019 11:05:49,731307
21/03/2019 11:06:19,731307
21/03/2019 11:06:50,732199
21/03/2019 11:07:20,734701
21/03/2019 11:07:50,735493
21/03/2019 11:08:20,736370
21/03/2019 11:08:50,737222
21/03/2019 11:09:21,738151
21/03/2019 11:09:51,739050
21/03/2019 11:10:23,739790
21/03/2019 11:11:07,739790
21/03/2019 11:11:51,739790
21/03/2019 11:12:21,739790
21/03/2019 11:12:57,739790
21/03/2019 11:13:27,739790
21/03/2019 11:13:57,742771
21/03/2019 11:14:27,743493
21/03/2019 11:14:57,744243
21/03/2019 11:15:27,745005
21/03/2019 11:15:58,745791
21/03/2019 11:16:28,746660
21/03/2019 11:16:58,747529
21/03/2019 11:17:28,747529
21/03/2019 11:17:58,747714
21/03/2019 11:18:33,747714
21/03/2019 11:19:07,747813
21/03/2019 11:19:37,747813
21/03/2019 11:20:10,747844
21/03/2019 11:20:40,747849
21/03/2019 11:21:10,747849
21/03/2019 11:21:40,747849
21/03/2019 11:22:10,747849
21/03/2019 11:22:40,747849
21/03/2019 11:23:10,747849
21/03/2019 11:23:40,747849
21/03/2019 11:24:10,747849
21/03/2019 11:24:41,747849
21/03/2019 11:25:11,747849
21/03/2019 11:25:41,747849
21/03/2019 11:26:11,747849
21/03/2019 11:26:41,747849
21/03/2019 11:27:11,747849
21/03/2019 11:27:41,747849
21/03/2019 11:28:11,747849
21/03/2019 11:28:41,747849
21/03/2019 11:29:11,747849
21/03/2019 11:29:41,747849
21/03/2019 11:30:11,747849
21/03/2019 11:30:41,747849
21/03/2019 11:31:11,747849
21/03/2019 11:31:42,747849
21/03/2019 11:32:12,747849
21/03/2019 11:32:42,747849
21/03/2019 11:33:12,747849
21/03/2019 11:33:42,747849
21/03/2019 11:34:12,747849
21/03/2019 11:34:42,747849
21/03/2019 11:35:12,747849
21/03/2019 11:35:42,752551
21/03/2019 11:36:12,753933
21/03/2019 11:36:42,755828
21/03/2019 11:37:12,758130
21/03/2019 11:37:42,760481
21/03/2019 11:38:12,762819
21/03/2019 11:38:42,764948
21/03/2019 11:39:13,767057
21/03/2019 11:39:44,768307
21/03/2019 11:40:16,768479
21/03/2019 11:40:49,768479
21/03/2019 11:41:19,768479
21/03/2019 11:41:49,768675
21/03/2019 11:42:19,772659
21/03/2019 11:42:49,774543
21/03/2019 11:43:19,775514
21/03/2019 11:43:50,776569
21/03/2019 11:44:20,777577
21/03/2019 11:44:50,778760
21/03/2019 11:45:22,779716
21/03/2019 11:45:52,779716
21/03/2019 11:46:24,779717
21/03/2019 11:46:58,779717
21/03/2019 11:47:28,779717
21/03/2019 11:47:58,779717
21/03/2019 11:48:29,779717
21/03/2019 11:49:10,779717
21/03/2019 11:49:42,779717
21/03/2019 11:50:13,779717
21/03/2019 11:50:44,779717
21/03/2019 11:51:14,779717
21/03/2019 11:51:44,786291
21/03/2019 11:52:14,788123
21/03/2019 11:52:44,788716
21/03/2019 11:53:14,789401
21/03/2019 11:53:44,790168
21/03/2019 11:54:16,790855
21/03/2019 11:54:54,790856
21/03/2019 11:55:24,791846
21/03/2019 11:55:54,792587
21/03/2019 11:56:24,793378
21/03/2019 11:56:55,794225
21/03/2019 11:57:25,795178
21/03/2019 11:57:55,796039
21/03/2019 11:58:25,796964
21/03/2019 11:58:55,797889
21/03/2019 11:59:25,798824
21/03/2019 11:59:56,799633
21/03/2019 12:00:26,800567
21/03/2019 12:00:56,801375
21/03/2019 12:01:26,802268
21/03/2019 12:01:56,803130
21/03/2019 12:02:27,804018
21/03/2019 12:02:57,804872
21/03/2019 12:03:27,805814
21/03/2019 12:03:57,806710
21/03/2019 12:04:27,807640
21/03/2019 12:04:57,808560
21/03/2019 12:05:27,809502
21/03/2019 12:05:59,810103
21/03/2019 12:06:32,810121
21/03/2019 12:07:06,810736
21/03/2019 12:07:37,810736
21/03/2019 12:08:07,812924
21/03/2019 12:08:37,813727
21/03/2019 12:09:08,814527
21/03/2019 12:09:38,815357
21/03/2019 12:10:08,816251
21/03/2019 12:10:38,817183
21/03/2019 12:11:08,818042
21/03/2019 12:11:38,818933
21/03/2019 12:12:09,819596
21/03/2019 12:12:39,820378
21/03/2019 12:13:10,821311
21/03/2019 12:13:40,822171
21/03/2019 12:14:10,823065
21/03/2019 12:14:40,823490
21/03/2019 12:15:10,823490
21/03/2019 12:15:40,823490
21/03/2019 12:16:10,823490
21/03/2019 12:16:41,823490
21/03/2019 12:17:11,823490
21/03/2019 12:17:41,823490
21/03/2019 12:18:11,823490
21/03/2019 12:18:48,823490
21/03/2019 12:19:18,827763
21/03/2019 12:19:48,828411
21/03/2019 12:20:18,829202
21/03/2019 12:20:48,829265
21/03/2019 12:21:24,829267
21/03/2019 12:21:54,829267
21/03/2019 12:22:24,829267
21/03/2019 12:22:54,829267
21/03/2019 12:23:24,829267
21/03/2019 12:23:54,829267
21/03/2019 12:24:24,829267
21/03/2019 12:24:56,829272
21/03/2019 12:25:26,829272
21/03/2019 12:25:56,829272
21/03/2019 12:26:26,829272
21/03/2019 12:26:57,829275
21/03/2019 12:27:27,829275
21/03/2019 12:27:57,829275
21/03/2019 12:28:27,829275
21/03/2019 12:28:57,829275
21/03/2019 12:29:27,829275
21/03/2019 12:29:57,829275
21/03/2019 12:30:27,833744
21/03/2019 12:30:57,834255
21/03/2019 12:31:27,834811
21/03/2019 12:31:57,835382
21/03/2019 12:32:28,835888
21/03/2019 12:32:58,836469
21/03/2019 12:33:28,837035
21/03/2019 12:33:58,837591
21/03/2019 12:34:28,838152
21/03/2019 12:34:58,838702
21/03/2019 12:35:28,839260
21/03/2019 12:35:58,839863
21/03/2019 12:36:28,840414
21/03/2019 12:36:58,840982
21/03/2019 12:37:28,841562
21/03/2019 12:37:58,842157
21/03/2019 12:38:29,842740
21/03/2019 12:38:59,843356
21/03/2019 12:39:29,843984
21/03/2019 12:39:59,844605
21/03/2019 12:40:29,845189
21/03/2019 12:40:59,845787
21/03/2019 12:41:29,846352
21/03/2019 12:41:59,846953
21/03/2019 12:42:29,847560
21/03/2019 12:42:59,848117
21/03/2019 12:43:29,848708
21/03/2019 12:43:59,849274
21/03/2019 12:44:30,849870
21/03/2019 12:45:01,850499
21/03/2019 12:45:32,851128
21/03/2019 12:46:02,851667
21/03/2019 12:46:33,852285
21/03/2019 12:47:03,852901
21/03/2019 12:47:34,853514
21/03/2019 12:48:04,854112
21/03/2019 12:48:35,854699
21/03/2019 12:49:05,855288
21/03/2019 12:49:35,855825
21/03/2019 12:50:06,856387
21/03/2019 12:50:37,857019
21/03/2019 12:51:07,857601
21/03/2019 12:51:38,858194
21/03/2019 12:52:09,858760
21/03/2019 12:52:40,859348
21/03/2019 12:53:10,860053
21/03/2019 12:53:41,860737
21/03/2019 12:54:12,861328
21/03/2019 12:54:43,861987
21/03/2019 12:55:14,862598
21/03/2019 12:55:45,863229
21/03/2019 12:56:16,863853
21/03/2019 12:56:47,864462
21/03/2019 12:57:17,865057
21/03/2019 12:57:48,865683
21/03/2019 12:58:19,866284
21/03/2019 12:58:50,866896
21/03/2019 12:59:20,867509
21/03/2019 12:59:51,868158
21/03/2019 13:00:22,868764
21/03/2019 13:00:53,869375
21/03/2019 13:01:24,869995
21/03/2019 13:01:55,870603
21/03/2019 13:02:26,871267
21/03/2019 13:02:57,871858
21/03/2019 13:03:28,872505
21/03/2019 13:03:58,873102
21/03/2019 13:04:29,873766
21/03/2019 13:04:59,873766
21/03/2019 13:05:30,875016
21/03/2019 13:06:01,875589
21/03/2019 13:06:32,876167
21/03/2019 13:07:02,876806
21/03/2019 13:07:34,877313
21/03/2019 13:08:04,877986
21/03/2019 13:08:34,878575
21/03/2019 13:09:04,879134
21/03/2019 13:09:35,879697
21/03/2019 13:10:05,880267
21/03/2019 13:10:35,880874
21/03/2019 13:11:05,881420
21/03/2019 13:11:35,881969
21/03/2019 13:12:05,882573
21/03/2019 13:12:35,883197
21/03/2019 13:13:06,883815
21/03/2019 13:13:36,884387
21/03/2019 13:14:07,884980
21/03/2019 13:14:37,885559
21/03/2019 13:15:08,886170
21/03/2019 13:15:39,886764
21/03/2019 13:16:09,887372
21/03/2019 13:16:40,888026
21/03/2019 13:17:11,888627
21/03/2019 13:17:42,889260
21/03/2019 13:18:12,889845
21/03/2019 13:18:43,890453
21/03/2019 13:19:14,891079
21/03/2019 13:19:45,891633
21/03/2019 13:20:16,892216
21/03/2019 13:20:46,892852
21/03/2019 13:21:17,893480
21/03/2019 13:21:48,894157
21/03/2019 13:22:19,894818
21/03/2019 13:22:50,895406
21/03/2019 13:23:21,896006
21/03/2019 13:23:52,896602
21/03/2019 13:24:23,897245
21/03/2019 13:24:54,897876
21/03/2019 13:25:26,898537
21/03/2019 13:25:57,899141
21/03/2019 13:26:27,899765
21/03/2019 13:27:01,900425
21/03/2019 13:27:32,901138
21/03/2019 13:28:02,901709
21/03/2019 13:28:33,902322
21/03/2019 13:29:03,902993
21/03/2019 13:29:34,903684
21/03/2019 13:30:05,904313
21/03/2019 13:30:37,904986
21/03/2019 13:31:08,905600
21/03/2019 13:31:39,906225
21/03/2019 13:32:10,906864
21/03/2019 13:32:42,907512
21/03/2019 13:33:13,908165
21/03/2019 13:33:44,908778
21/03/2019 13:34:15,909400
21/03/2019 13:34:46,909997
21/03/2019 13:35:17,910644
21/03/2019 13:35:47,911221
21/03/2019 13:36:20,911897
21/03/2019 13:36:51,912509
21/03/2019 13:37:21,913094
21/03/2019 13:37:53,913741
21/03/2019 13:38:24,914351
21/03/2019 13:38:54,914936
21/03/2019 13:39:25,915555
21/03/2019 13:39:57,916171
21/03/2019 13:40:28,916792
21/03/2019 13:40:59,917413
21/03/2019 13:41:30,917992
21/03/2019 13:42:00,918657
21/03/2019 13:42:31,919204
21/03/2019 13:43:02,919813
21/03/2019 13:43:33,920394
21/03/2019 13:44:04,920981
21/03/2019 13:44:35,921596
21/03/2019 13:45:07,922246
21/03/2019 13:45:37,922843
21/03/2019 13:46:07,922843
21/03/2019 13:46:38,924012
21/03/2019 13:47:10,924626
21/03/2019 13:47:42,925277
21/03/2019 13:48:13,925884
21/03/2019 13:48:44,926540
21/03/2019 13:49:15,927120
21/03/2019 13:49:46,927754
21/03/2019 13:50:17,928347
21/03/2019 13:50:47,928960
21/03/2019 13:51:18,929543
21/03/2019 13:51:50,930151
21/03/2019 13:52:21,930782
21/03/2019 13:52:53,931437
21/03/2019 13:53:24,932088
21/03/2019 13:53:55,932700
21/03/2019 13:54:26,933319
21/03/2019 13:54:58,933954
21/03/2019 13:55:29,934555
21/03/2019 13:56:01,935205
21/03/2019 13:56:32,935840
21/03/2019 13:57:03,936459
21/03/2019 13:57:33,937094
21/03/2019 13:58:04,937637
21/03/2019 13:58:36,938308
21/03/2019 13:59:07,938937
21/03/2019 13:59:38,939565
21/03/2019 14:00:09,940205
21/03/2019 14:00:40,940836
21/03/2019 14:01:11,941446
21/03/2019 14:01:41,942082
21/03/2019 14:02:14,942716
21/03/2019 14:02:44,943345
21/03/2019 14:03:15,943987
21/03/2019 14:03:47,944599
21/03/2019 14:04:18,945223
21/03/2019 14:04:50,945880
21/03/2019 14:05:22,946518
21/03/2019 14:05:53,947180
21/03/2019 14:06:24,947776
21/03/2019 14:06:55,948405
21/03/2019 14:07:27,949010
21/03/2019 14:08:00,949674
21/03/2019 14:08:31,950312
21/03/2019 14:09:01,950918
21/03/2019 14:09:32,951511
21/03/2019 14:10:03,952107
21/03/2019 14:10:35,952726
21/03/2019 14:11:07,953361
21/03/2019 14:11:38,953995
21/03/2019 14:12:08,954561
21/03/2019 14:12:39,955132
21/03/2019 14:13:10,955723
21/03/2019 14:13:42,956344
21/03/2019 14:14:13,956925
21/03/2019 14:14:44,957551
21/03/2019 14:15:16,958152
21/03/2019 14:15:48,958757
21/03/2019 14:16:19,959317
21/03/2019 14:16:50,959893
21/03/2019 14:17:22,960481
21/03/2019 14:17:52,961056
21/03/2019 14:18:24,961693
21/03/2019 14:18:55,962267
21/03/2019 14:19:27,962868
21/03/2019 14:19:58,963411
21/03/2019 14:20:29,963969
21/03/2019 14:21:00,964473
21/03/2019 14:21:31,965010
21/03/2019 14:22:01,965541
21/03/2019 14:22:33,966082
21/03/2019 14:23:04,966651
21/03/2019 14:23:35,967193
21/03/2019 14:24:05,967766
21/03/2019 14:24:36,968335
21/03/2019 14:25:07,968887
21/03/2019 14:25:38,969479
21/03/2019 14:26:09,970031
21/03/2019 14:26:39,970533
21/03/2019 14:27:10,971080
21/03/2019 14:27:41,971679
21/03/2019 14:28:13,972261
21/03/2019 14:28:43,972261
21/03/2019 14:29:15,973418
21/03/2019 14:29:46,973999
21/03/2019 14:30:17,974557
21/03/2019 14:30:48,975112
21/03/2019 14:31:19,975622
21/03/2019 14:31:51,976239
21/03/2019 14:32:21,976839
21/03/2019 14:32:53,977412
21/03/2019 14:33:24,977971
21/03/2019 14:33:54,978515
21/03/2019 14:34:25,979105
21/03/2019 14:34:56,979624
21/03/2019 14:35:27,980164
21/03/2019 14:35:58,980725
21/03/2019 14:36:29,981299
21/03/2019 14:37:01,981897
21/03/2019 14:37:33,982492
21/03/2019 14:38:04,983083
21/03/2019 14:38:35,983673
21/03/2019 14:39:06,984242
21/03/2019 14:39:37,984816
21/03/2019 14:40:08,985368
21/03/2019 14:40:38,985936
21/03/2019 14:41:09,986536
21/03/2019 14:41:41,987120
21/03/2019 14:42:12,987668
21/03/2019 14:42:43,988242
21/03/2019 14:43:14,988828
21/03/2019 14:43:46,989342
21/03/2019 14:44:17,989918
21/03/2019 14:44:49,990581
21/03/2019 14:45:20,991153
21/03/2019 14:45:52,991690
21/03/2019 14:46:23,992158
21/03/2019 14:46:53,992784
21/03/2019 14:47:25,993464
21/03/2019 14:47:57,993897
21/03/2019 14:48:29,994546
21/03/2019 14:49:00,995201
21/03/2019 14:49:32,995846
21/03/2019 14:50:04,996261
21/03/2019 14:50:34,996261
21/03/2019 14:51:04,997381
21/03/2019 14:51:35,997381
21/03/2019 14:52:07,998606
21/03/2019 14:52:39,999239
21/03/2019 14:53:11,999622
21/03/2019 14:53:42,1000181
21/03/2019 14:54:14,1000820
21/03/2019 14:54:44,1001344
21/03/2019 14:55:14,1001344
21/03/2019 14:55:48,1002513
21/03/2019 14:56:19,1003172
21/03/2019 14:56:51,1003601
21/03/2019 14:57:23,1004333
21/03/2019 14:57:54,1005035
21/03/2019 14:58:25,1005486
21/03/2019 14:58:57,1006255
21/03/2019 14:59:28,1006810
21/03/2019 14:59:58,1006810
21/03/2019 15:00:32,1008212
21/03/2019 15:01:03,1008258
21/03/2019 15:01:37,1008448
21/03/2019 15:02:09,1010157
21/03/2019 15:02:41,1010783
21/03/2019 15:03:12,1011521
21/03/2019 15:03:46,1012014
21/03/2019 15:04:18,1012197
21/03/2019 15:04:50,1013385
21/03/2019 15:05:21,1013385
21/03/2019 15:05:51,1013385
21/03/2019 15:06:22,1014955
21/03/2019 15:06:53,1015653
21/03/2019 15:07:26,1016361
21/03/2019 15:07:56,1016626
21/03/2019 15:08:31,1017379
21/03/2019 15:09:01,1017379
21/03/2019 15:09:31,1017379
21/03/2019 15:10:01,1017379
21/03/2019 15:10:37,1017380
21/03/2019 15:11:07,1017380
21/03/2019 15:11:52,1017380
21/03/2019 15:12:22,1017380
21/03/2019 15:13:01,1017380
21/03/2019 15:13:39,1017380
21/03/2019 15:14:12,1017380
21/03/2019 15:14:46,1017380
21/03/2019 15:15:16,1017380
21/03/2019 15:15:50,1017380
21/03/2019 15:16:25,1017380
21/03/2019 15:16:55,1017380
21/03/2019 15:17:48,1017398
21/03/2019 15:18:18,1017398
21/03/2019 15:18:48,1017398
21/03/2019 15:19:18,1024353
21/03/2019 15:19:48,1024823
21/03/2019 15:20:19,1025492
21/03/2019 15:20:50,1025935
21/03/2019 15:21:22,1026570
21/03/2019 15:21:54,1027210
21/03/2019 15:22:28,1027835
21/03/2019 15:22:59,1028269
21/03/2019 15:23:30,1028963
21/03/2019 15:24:02,1029463
21/03/2019 15:24:32,1029463
21/03/2019 15:25:04,1030835
21/03/2019 15:25:34,1030835
21/03/2019 15:26:06,1031943
21/03/2019 15:26:39,1032456
21/03/2019 15:27:11,1033118
21/03/2019 15:27:43,1033852
21/03/2019 15:28:17,1034408
21/03/2019 15:28:49,1035039
21/03/2019 15:29:19,1035039
21/03/2019 15:29:50,1036185
21/03/2019 15:30:25,1036204
21/03/2019 15:30:57,1036212
21/03/2019 15:31:29,1036332
21/03/2019 15:32:00,1037444
21/03/2019 15:32:30,1037444
21/03/2019 15:33:06,1038450
21/03/2019 15:33:37,1038450
21/03/2019 15:34:07,1038450
21/03/2019 15:34:38,1040812
21/03/2019 15:35:10,1041229
21/03/2019 15:35:41,1041824
21/03/2019 15:36:18,1042162
21/03/2019 15:36:51,1042896
21/03/2019 15:37:22,1043418
21/03/2019 15:37:53,1044104
21/03/2019 15:38:24,1044528
21/03/2019 15:38:54,1044528
21/03/2019 15:39:27,1045718
21/03/2019 15:39:59,1046242
21/03/2019 15:40:33,1046928
21/03/2019 15:41:07,1047677
21/03/2019 15:41:39,1048187
21/03/2019 15:42:09,1048757
21/03/2019 15:42:42,1049445
21/03/2019 15:43:16,1050024
21/03/2019 15:43:46,1050024
21/03/2019 15:44:16,1050024
21/03/2019 15:44:49,1051668
21/03/2019 15:45:21,1052374
21/03/2019 15:45:54,1053049
21/03/2019 15:46:26,1053535
21/03/2019 15:46:57,1054217
21/03/2019 15:47:27,1054217
21/03/2019 15:47:59,1055429
21/03/2019 15:48:31,1056236
21/03/2019 15:49:03,1056708
21/03/2019 15:49:35,1057388
21/03/2019 15:50:07,1057997
21/03/2019 15:50:37,1057997
21/03/2019 15:51:09,1059163
21/03/2019 15:51:42,1059415
21/03/2019 15:52:13,1060451
21/03/2019 15:52:44,1061194
21/03/2019 15:53:15,1061720
21/03/2019 15:53:47,1062444
21/03/2019 15:54:19,1062940
21/03/2019 15:54:50,1063720
21/03/2019 15:55:22,1064277
21/03/2019 15:55:54,1065099
21/03/2019 15:56:26,1065573
21/03/2019 15:56:58,1066354
21/03/2019 15:57:28,1066891
21/03/2019 15:58:01,1067643
21/03/2019 15:58:32,1068270
21/03/2019 15:59:02,1069023
21/03/2019 15:59:33,1069670
21/03/2019 16:00:04,1070243
21/03/2019 16:00:37,1071028
21/03/2019 16:01:08,1071343
21/03/2019 16:01:38,1072182
21/03/2019 16:02:09,1072915
21/03/2019 16:02:40,1073716
21/03/2019 16:03:10,1074282
21/03/2019 16:03:40,1075037
21/03/2019 16:04:10,1075651
21/03/2019 16:04:41,1076181
21/03/2019 16:05:11,1076973
21/03/2019 16:05:44,1077468
21/03/2019 16:06:15,1077951
21/03/2019 16:06:45,1078860
21/03/2019 16:07:15,1079388
21/03/2019 16:07:45,1079888
21/03/2019 16:08:15,1080732
21/03/2019 16:08:45,1081266
21/03/2019 16:09:16,1081898
21/03/2019 16:09:46,1082639
21/03/2019 16:10:17,1083164
21/03/2019 16:10:49,1083939
21/03/2019 16:11:20,1084483
21/03/2019 16:11:52,1085301
21/03/2019 16:12:22,1085301
21/03/2019 16:12:52,1086507
21/03/2019 16:13:22,1087040
21/03/2019 16:13:53,1087677
21/03/2019 16:14:23,1088261
21/03/2019 16:14:54,1088703
21/03/2019 16:15:24,1088703
21/03/2019 16:15:57,1088748
21/03/2019 16:16:29,1088767
21/03/2019 16:17:01,1088785
21/03/2019 16:17:31,1088785
21/03/2019 16:18:01,1088785
21/03/2019 16:18:31,1088785
21/03/2019 16:19:01,1088814
21/03/2019 16:19:35,1088822
21/03/2019 16:20:05,1088822
21/03/2019 16:20:38,1088823
21/03/2019 16:21:08,1088823
21/03/2019 16:21:38,1088828
21/03/2019 16:22:08,1090448
21/03/2019 16:22:41,1091042
21/03/2019 16:23:12,1091107
21/03/2019 16:24:00,1091181
21/03/2019 16:24:31,1091181
21/03/2019 16:25:03,1091320
21/03/2019 16:25:34,1092693
21/03/2019 16:26:05,1093097
21/03/2019 16:26:36,1094750
21/03/2019 16:27:08,1096573
21/03/2019 16:27:44,1096666
21/03/2019 16:28:14,1096666
21/03/2019 16:28:47,1097185
21/03/2019 16:29:17,1097185
21/03/2019 16:29:49,1097185
21/03/2019 16:30:28,1097185
21/03/2019 16:30:58,1097185
21/03/2019 16:31:34,1097186
21/03/2019 16:32:09,1097186
21/03/2019 16:32:39,1097186
21/03/2019 16:33:12,1097186
21/03/2019 16:33:46,1097186
21/03/2019 16:34:19,1097186
21/03/2019 16:34:55,1097186
21/03/2019 16:35:25,1097186
21/03/2019 16:35:55,1097186
21/03/2019 16:36:25,1097186
21/03/2019 16:36:55,1097186
21/03/2019 16:37:25,1097186
21/03/2019 16:37:55,1097186
21/03/2019 16:38:25,1097186
21/03/2019 16:38:55,1097186
21/03/2019 16:39:25,1097186
21/03/2019 16:39:55,1097186
21/03/2019 16:40:25,1097186
21/03/2019 16:40:56,1097186
21/03/2019 16:41:26,1097186
21/03/2019 16:41:56,1097186
21/03/2019 16:42:26,1097186
21/03/2019 16:42:56,1097186
21/03/2019 16:43:26,1097186
21/03/2019 16:43:56,1097186
21/03/2019 16:44:26,1097186
21/03/2019 16:44:56,1097186
21/03/2019 16:45:26,1097186
21/03/2019 16:45:56,1097186
21/03/2019 16:46:26,1097186
21/03/2019 16:46:57,1097186
21/03/2019 16:47:27,1097186
21/03/2019 16:47:57,1097186
21/03/2019 16:48:27,1097186
21/03/2019 16:48:57,1097186
21/03/2019 16:49:27,1097186
21/03/2019 16:49:57,1097186
21/03/2019 16:50:27,1097186
21/03/2019 16:50:57,1097186
21/03/2019 16:51:27,1097186
21/03/2019 16:51:57,1097186
21/03/2019 16:52:27,1097186
21/03/2019 16:52:57,1097186
21/03/2019 16:53:28,1097186
21/03/2019 16:53:58,1097186
21/03/2019 16:54:28,1097186
21/03/2019 16:54:58,1097186
21/03/2019 16:55:28,1097186
21/03/2019 16:55:58,1097186
21/03/2019 16:56:28,1097186
21/03/2019 16:56:58,1097186
21/03/2019 16:57:28,1097186
21/03/2019 16:57:58,1097186
21/03/2019 16:58:28,1097186
21/03/2019 16:58:58,1097186
21/03/2019 16:59:29,1097186
21/03/2019 16:59:59,1097186
21/03/2019 17:00:29,1097186
21/03/2019 17:00:59,1097186
21/03/2019 17:01:29,1097186
21/03/2019 17:01:59,1097186
21/03/2019 17:02:29,1097186
21/03/2019 17:02:59,1097186
21/03/2019 17:03:29,1097186
21/03/2019 17:03:59,1097186
21/03/2019 17:04:29,1097186
21/03/2019 17:04:59,1097186
21/03/2019 17:05:29,1097186
21/03/2019 17:06:00,1097186
21/03/2019 17:06:30,1097186
21/03/2019 17:07:00,1097186
21/03/2019 17:07:30,1097186
21/03/2019 17:08:00,1097186
21/03/2019 17:08:30,1097186
21/03/2019 17:09:00,1097186
21/03/2019 17:09:30,1097186
21/03/2019 17:10:00,1097186
21/03/2019 17:10:30,1097186
21/03/2019 17:11:00,1097186
21/03/2019 17:11:31,1097186
21/03/2019 17:12:01,1097186
21/03/2019 17:12:31,1097186
21/03/2019 17:13:01,1097186
21/03/2019 17:13:31,1097186
21/03/2019 17:14:01,1097186
21/03/2019 17:14:31,1097186
21/03/2019 17:15:01,1097186
21/03/2019 17:15:31,1097186
21/03/2019 17:16:01,1097186
21/03/2019 17:16:31,1097186
21/03/2019 17:17:01,1097186
21/03/2019 17:17:31,1097186
21/03/2019 17:18:02,1097186
21/03/2019 17:18:32,1097186
21/03/2019 17:19:02,1097186
21/03/2019 17:19:32,1097186
21/03/2019 17:20:02,1097186
21/03/2019 17:20:32,1107961
21/03/2019 17:21:02,1108424
21/03/2019 17:21:32,1109119
21/03/2019 17:22:02,1109637
21/03/2019 17:22:32,1110490
21/03/2019 17:23:02,1111372
21/03/2019 17:23:32,1112043
21/03/2019 17:24:03,1112843
21/03/2019 17:24:33,1113567
21/03/2019 17:25:03,1114240
21/03/2019 17:25:33,1114756
21/03/2019 17:26:03,1115602
21/03/2019 17:26:33,1116456
21/03/2019 17:27:03,1117296
21/03/2019 17:27:33,1117929
21/03/2019 17:28:03,1118860
21/03/2019 17:28:35,1119467
21/03/2019 17:29:05,1119467
21/03/2019 17:29:35,1119670
21/03/2019 17:30:05,1121399
21/03/2019 17:30:35,1122353
21/03/2019 17:31:10,1122549
21/03/2019 17:31:45,1122549
21/03/2019 17:32:18,1122549
21/03/2019 17:32:48,1125251
21/03/2019 17:33:19,1125903
21/03/2019 17:33:49,1126569
21/03/2019 17:34:19,1127311
21/03/2019 17:34:49,1128124
21/03/2019 17:35:19,1128932
21/03/2019 17:35:49,1129882
21/03/2019 17:36:19,1130782
21/03/2019 17:36:49,1131402
21/03/2019 17:37:19,1132343
21/03/2019 17:37:49,1133326
21/03/2019 17:38:19,1133902
21/03/2019 17:38:49,1134797
21/03/2019 17:39:19,1135763
21/03/2019 17:39:49,1136372
21/03/2019 17:40:20,1137282
21/03/2019 17:40:50,1138214
21/03/2019 17:41:20,1138850
21/03/2019 17:41:50,1139720
21/03/2019 17:42:20,1140583
21/03/2019 17:42:50,1141504
21/03/2019 17:43:20,1142302
21/03/2019 17:43:50,1143134
21/03/2019 17:44:20,1144084
21/03/2019 17:44:50,1144943
21/03/2019 17:45:20,1145716
21/03/2019 17:45:50,1146683
21/03/2019 17:46:20,1147431
21/03/2019 17:46:51,1148387
21/03/2019 17:47:21,1149369
21/03/2019 17:47:51,1150024
21/03/2019 17:48:21,1150949
21/03/2019 17:48:51,1152044
21/03/2019 17:49:21,1152744
21/03/2019 17:49:51,1153761
21/03/2019 17:50:21,1154747
21/03/2019 17:50:51,1155470
21/03/2019 17:51:23,1155806
21/03/2019 17:51:54,1156420
21/03/2019 17:52:24,1158487
21/03/2019 17:52:54,1159230
21/03/2019 17:53:25,1160317
21/03/2019 17:53:55,1161345
21/03/2019 17:54:25,1162282
21/03/2019 17:54:55,1163467
21/03/2019 17:55:25,1164266
21/03/2019 17:55:55,1165502
21/03/2019 17:56:25,1166327
21/03/2019 17:56:55,1167523
21/03/2019 17:57:25,1168675
21/03/2019 17:57:55,1169574
21/03/2019 17:58:25,1170584
21/03/2019 17:58:57,1170899
21/03/2019 17:59:27,1170899
21/03/2019 17:59:58,1170899
21/03/2019 18:00:28,1174815
21/03/2019 18:00:58,1175709
21/03/2019 18:01:28,1176937
21/03/2019 18:01:58,1177766
21/03/2019 18:02:28,1179057
21/03/2019 18:02:59,1179420
21/03/2019 18:03:29,1181192
21/03/2019 18:03:59,1182216
21/03/2019 18:04:29,1183252
21/03/2019 18:04:59,1184212
21/03/2019 18:05:14,1184830
21/03/2019 18:05:44,1185610
21/03/2019 18:06:15,1185610
21/03/2019 18:06:48,1186748
21/03/2019 18:07:18,1189166
21/03/2019 18:07:48,1190014
21/03/2019 18:08:18,1191320
21/03/2019 18:08:48,1192210
21/03/2019 18:09:41,1194431
21/03/2019 18:10:11,1195247
21/03/2019 18:10:41,1196579
21/03/2019 18:11:11,1197516
21/03/2019 18:11:41,1198892
21/03/2019 18:12:12,1199875
21/03/2019 18:12:42,1201430
21/03/2019 18:13:12,1202441
21/03/2019 18:13:42,1202441
21/03/2019 18:14:12,1204658
21/03/2019 18:14:43,1206075
21/03/2019 18:15:35,1208038
21/03/2019 18:16:05,1209083
21/03/2019 18:16:35,1210630
21/03/2019 18:17:06,1211789
21/03/2019 18:17:36,1212511
21/03/2019 18:18:06,1214396
21/03/2019 18:18:36,1215421
21/03/2019 18:19:06,1216965
21/03/2019 18:19:36,1218002
21/03/2019 18:20:07,1219543
21/03/2019 18:20:37,1220986
21/03/2019 18:21:07,1222100
21/03/2019 18:21:37,1223730
21/03/2019 18:22:30,1226065
21/03/2019 18:23:00,1227049
21/03/2019 18:23:30,1228753
21/03/2019 18:24:00,1230076
21/03/2019 18:24:34,1230077
21/03/2019 18:25:04,1230164
21/03/2019 18:25:34,1230164
21/03/2019 18:26:04,1230255
21/03/2019 18:26:37,1230442
21/03/2019 18:27:08,1235316
21/03/2019 18:27:38,1238702
21/03/2019 18:28:08,1240150
21/03/2019 18:28:38,1241546
21/03/2019 18:29:08,1242900
21/03/2019 18:29:39,1244230
21/03/2019 18:30:09,1245628
21/03/2019 18:30:39,1246948
21/03/2019 18:31:09,1248411
21/03/2019 18:31:39,1249716
21/03/2019 18:32:11,1250533
21/03/2019 18:32:45,1250533
21/03/2019 18:33:16,1250538
21/03/2019 18:33:46,1250538
21/03/2019 18:34:16,1250786
21/03/2019 18:34:47,1250984
21/03/2019 18:35:17,1251003
21/03/2019 18:35:48,1251278
21/03/2019 18:36:18,1251433
21/03/2019 18:37:19,1251554
21/03/2019 18:37:49,1251554
21/03/2019 18:38:33,1251555
21/03/2019 18:39:11,1251558
21/03/2019 18:39:41,1251558
21/03/2019 18:40:11,1251558
21/03/2019 18:40:41,1256166
21/03/2019 18:41:12,1257415
21/03/2019 18:41:42,1260690
21/03/2019 18:42:15,1262001
21/03/2019 18:42:45,1262003
21/03/2019 18:43:15,1262003
21/03/2019 18:43:46,1262003
21/03/2019 18:44:16,1262003
21/03/2019 18:44:46,1262003
21/03/2019 18:45:52,1262006
21/03/2019 18:47:17,1262006
21/03/2019 18:47:47,1262006
21/03/2019 18:48:18,1262006
21/03/2019 18:49:01,1266964
21/03/2019 18:49:31,1269744
21/03/2019 18:50:02,1270806
21/03/2019 18:50:54,1270808
21/03/2019 18:51:24,1270808
21/03/2019 18:51:54,1270808
21/03/2019 18:52:24,1272431
21/03/2019 18:52:58,1272433
21/03/2019 18:54:28,1272433
21/03/2019 18:55:02,1272434
21/03/2019 18:55:51,1272434
21/03/2019 18:56:21,1272434
21/03/2019 18:56:51,1272434
21/03/2019 18:57:21,1272434
21/03/2019 18:57:51,1272434
21/03/2019 18:58:21,1272434
21/03/2019 18:58:51,1272434
21/03/2019 18:59:21,1272434
21/03/2019 18:59:51,1272434
21/03/2019 19:00:22,1282828
21/03/2019 19:00:52,1285185
21/03/2019 19:01:22,1285222
21/03/2019 19:02:13,1285222
21/03/2019 19:02:43,1285222
21/03/2019 19:03:13,1285222
21/03/2019 19:04:10,1285222
21/03/2019 19:04:42,1285222
21/03/2019 19:05:12,1285222
21/03/2019 19:05:42,1285222
21/03/2019 19:06:12,1285222
21/03/2019 19:06:43,1291156
21/03/2019 19:07:20,1291159
21/03/2019 19:07:50,1291159
21/03/2019 19:08:20,1291159
21/03/2019 19:08:50,1291159
21/03/2019 19:09:20,1291159
21/03/2019 19:09:51,1291159
21/03/2019 19:10:21,1291159
21/03/2019 19:10:51,1291161
21/03/2019 19:12:21,1291161
21/03/2019 19:12:51,1291161
21/03/2019 19:13:21,1291161
21/03/2019 19:13:51,1291161
21/03/2019 19:14:21,1291161
21/03/2019 19:14:51,1291161
21/03/2019 19:15:21,1291161
21/03/2019 19:15:51,1291161
21/03/2019 19:16:21,1291161
21/03/2019 19:16:51,1291161
21/03/2019 19:17:21,1291161
21/03/2019 19:17:51,1300681
21/03/2019 19:18:22,1300912
21/03/2019 19:18:52,1300912
21/03/2019 19:19:44,1300912
21/03/2019 19:20:52,1300912
21/03/2019 19:21:22,1300912
21/03/2019 19:22:17,1300912
21/03/2019 19:22:47,1300912
21/03/2019 19:23:17,1300912
21/03/2019 19:23:48,1300912
21/03/2019 19:24:18,1300912
21/03/2019 19:24:48,1300912
21/03/2019 19:25:18,1300912
21/03/2019 19:25:48,1300912
21/03/2019 19:26:18,1300912
21/03/2019 19:26:48,1300912
21/03/2019 19:27:18,1300912
21/03/2019 19:27:48,1300912
21/03/2019 19:28:18,1300912
21/03/2019 19:28:48,1300912
21/03/2019 19:29:18,1300912
21/03/2019 19:29:48,1300912
21/03/2019 19:30:18,1300912
21/03/2019 19:30:49,1300912
21/03/2019 19:31:19,1300912
21/03/2019 19:31:49,1300912
21/03/2019 19:32:19,1300912
21/03/2019 19:32:49,1300912
21/03/2019 19:33:19,1300912
21/03/2019 19:33:49,1300912
21/03/2019 19:34:19,1300912
21/03/2019 19:34:49,1300912
21/03/2019 19:35:19,1300912
21/03/2019 19:35:49,1300912
21/03/2019 19:36:19,1300912
21/03/2019 19:36:49,1300912
21/03/2019 19:37:19,1300912
21/03/2019 19:37:50,1300912
21/03/2019 19:38:20,1300912
21/03/2019 19:38:50,1300912
21/03/2019 19:39:20,1300912
21/03/2019 19:39:50,1300912
21/03/2019 19:40:20,1300912
21/03/2019 19:40:50,1300912
21/03/2019 19:41:20,1300912
21/03/2019 19:41:50,1300912
21/03/2019 19:42:20,1300912
21/03/2019 19:42:50,1300912
21/03/2019 19:43:20,1300912
21/03/2019 19:43:50,1300912
21/03/2019 19:44:25,1300918
21/03/2019 19:44:55,1300918
21/03/2019 19:45:25,1300918
21/03/2019 19:45:55,1300919
21/03/2019 19:46:25,1300919
21/03/2019 19:46:55,1300919
21/03/2019 19:47:25,1300919
21/03/2019 19:47:55,1300919
21/03/2019 19:48:25,1300919
21/03/2019 19:48:55,1300919
21/03/2019 19:49:25,1300919
21/03/2019 19:49:55,1300919
21/03/2019 19:50:26,1300919
21/03/2019 19:50:56,1300919
21/03/2019 19:51:26,1300919
21/03/2019 19:51:56,1300919
21/03/2019 19:52:26,1310522
21/03/2019 19:52:56,1311326
21/03/2019 19:53:30,1311327
21/03/2019 19:54:00,1311327
21/03/2019 19:54:30,1311327
21/03/2019 19:55:00,1311327
21/03/2019 19:55:30,1311327
21/03/2019 19:56:00,1311327
21/03/2019 19:56:30,1311327
21/03/2019 19:57:00,1311327
21/03/2019 19:57:30,1311327
21/03/2019 19:58:00,1311327
21/03/2019 19:58:30,1311327
21/03/2019 19:59:00,1311327
21/03/2019 19:59:30,1311327
21/03/2019 20:00:00,1311327
21/03/2019 20:00:31,1311327
21/03/2019 20:01:01,1311327
21/03/2019 20:01:31,1311334
21/03/2019 20:02:01,1311334
21/03/2019 20:02:31,1311334
21/03/2019 20:03:01,1311334
21/03/2019 20:03:31,1311334
21/03/2019 20:04:01,1311334
21/03/2019 20:04:31,1311334
21/03/2019 20:05:01,1311334
21/03/2019 20:05:31,1311334
21/03/2019 20:06:01,1311334
21/03/2019 20:06:31,1311334
21/03/2019 20:07:01,1311334
21/03/2019 20:07:31,1311334
21/03/2019 20:08:01,1311334
21/03/2019 20:08:32,1311334
21/03/2019 20:09:02,1311334
21/03/2019 20:09:32,1311334
21/03/2019 20:10:02,1311334
21/03/2019 20:10:32,1311334
21/03/2019 20:11:02,1311334
21/03/2019 20:11:32,1311334
21/03/2019 20:12:43,1311334
21/03/2019 20:12:59,1311334
21/03/2019 20:13:16,1311334
21/03/2019 20:13:31,1311334
21/03/2019 20:13:46,1311334
21/03/2019 20:14:02,1311334
21/03/2019 20:14:19,1311334
21/03/2019 20:14:34,1311334
21/03/2019 20:14:50,1311334
21/03/2019 20:15:05,1311334
21/03/2019 20:15:23,1311334
21/03/2019 20:15:39,1311334
21/03/2019 20:15:54,1311334
21/03/2019 20:16:09,1311334
21/03/2019 20:16:25,1311334
21/03/2019 20:16:40,1311334
21/03/2019 20:16:56,1311334
21/03/2019 20:17:12,1311334
21/03/2019 20:17:28,1311334
21/03/2019 20:17:44,1311334
21/03/2019 20:18:00,1311334
21/03/2019 20:18:18,1311334
21/03/2019 20:18:33,1311334
21/03/2019 20:18:48,1311334
21/03/2019 20:19:03,1311334
21/03/2019 20:19:19,1311334
21/03/2019 20:19:35,1311334
21/03/2019 20:19:50,1311334
21/03/2019 20:20:05,1311334
21/03/2019 20:20:23,1311334
21/03/2019 20:20:38,1311334
21/03/2019 20:20:54,1311334
21/03/2019 20:21:09,1311334
21/03/2019 20:21:24,1311334
21/03/2019 20:21:40,1311334
21/03/2019 20:21:55,1311334
21/03/2019 20:22:11,1311334
21/03/2019 20:22:26,1311334
21/03/2019 20:22:42,1311334
21/03/2019 20:22:57,1311334
21/03/2019 20:23:12,1311334
21/03/2019 20:23:28,1311334
21/03/2019 20:23:43,1311334
21/03/2019 20:23:58,1311334
21/03/2019 20:24:14,1311334
21/03/2019 20:24:30,1311334
21/03/2019 20:24:45,1311334
21/03/2019 20:25:01,1311334
21/03/2019 20:25:19,1311334
21/03/2019 20:25:34,1311334
21/03/2019 20:25:49,1311334
21/03/2019 20:26:04,1311334
21/03/2019 20:26:20,1311334
21/03/2019 20:26:36,1311334
21/03/2019 20:26:51,1311334
21/03/2019 20:27:06,1311334
21/03/2019 20:27:22,1311334
21/03/2019 20:27:37,1311334
21/03/2019 20:27:52,1311334
21/03/2019 20:28:08,1311334
21/03/2019 20:28:23,1311334
21/03/2019 20:28:39,1311334
21/03/2019 20:28:54,1311334
21/03/2019 20:29:10,1311334
21/03/2019 20:29:25,1311334
21/03/2019 20:29:41,1311334
21/03/2019 20:29:56,1311334
21/03/2019 20:30:12,1311334
21/03/2019 20:30:29,1311334
21/03/2019 20:30:44,1411867
21/03/2019 20:31:00,1411867
21/03/2019 20:31:17,1411867
21/03/2019 20:31:32,1411867
21/03/2019 20:31:48,1411867
21/03/2019 20:32:04,1411867
21/03/2019 20:32:20,1411867
21/03/2019 20:32:36,1411867
21/03/2019 20:32:51,1411867
21/03/2019 20:33:06,1411867
21/03/2019 20:33:22,1411867
21/03/2019 20:33:37,1411867
21/03/2019 20:33:53,1411867
21/03/2019 20:34:08,1411867
21/03/2019 20:34:24,1411867
21/03/2019 20:34:39,1411867
21/03/2019 20:34:54,1411867
21/03/2019 20:35:10,1411867
21/03/2019 20:35:25,1411867
21/03/2019 20:35:41,1411867
21/03/2019 20:35:56,1411867
21/03/2019 20:36:11,1411867
21/03/2019 20:36:27,1411867
21/03/2019 20:36:43,1411867
21/03/2019 20:36:58,1411867
21/03/2019 20:37:14,1411867
21/03/2019 20:37:32,1411867
21/03/2019 20:37:47,1411867
21/03/2019 20:38:02,1411867
21/03/2019 20:38:19,1411867
21/03/2019 20:38:34,1411867
21/03/2019 20:38:50,1411867
21/03/2019 20:39:05,1411867
21/03/2019 20:39:21,1411867
21/03/2019 20:39:36,1411867
21/03/2019 20:39:52,1411867
21/03/2019 20:40:07,1411867
21/03/2019 20:40:24,1411867
21/03/2019 20:40:39,1411867
21/03/2019 20:40:54,1411867
21/03/2019 20:41:19,1411867
21/03/2019 20:42:20,1411867
21/03/2019 20:43:21,1411867
21/03/2019 20:44:21,1411867
21/03/2019 20:45:22,1411867
21/03/2019 20:46:22,1411867
21/03/2019 20:47:23,1411867
21/03/2019 20:48:24,1411867
21/03/2019 20:49:24,1411867
21/03/2019 20:50:25,1478382
21/03/2019 20:51:26,1478382
21/03/2019 20:52:26,1478382
21/03/2019 20:53:27,1478382
21/03/2019 20:54:27,1478382
21/03/2019 20:55:28,1478382
21/03/2019 20:56:28,1503966
21/03/2019 20:57:28,1503966
21/03/2019 20:58:30,1503966
21/03/2019 20:59:30,1503966
21/03/2019 21:00:31,1503966
21/03/2019 21:01:31,1503966
21/03/2019 21:02:32,1503966
21/03/2019 21:03:32,1503966
21/03/2019 21:04:33,1503966
21/03/2019 21:05:34,1503966
21/03/2019 21:06:34,1552836
21/03/2019 21:07:34,1552836
21/03/2019 21:08:35,1552836
21/03/2019 21:09:36,1552836
21/03/2019 21:10:36,1552836
21/03/2019 21:11:37,1552836
21/03/2019 21:12:41,1552836
21/03/2019 21:13:42,1552836
21/03/2019 21:14:42,1552836
21/03/2019 21:15:43,1552836
21/03/2019 21:16:43,1552836
21/03/2019 21:17:43,1552836
21/03/2019 21:18:44,1552836
21/03/2019 21:19:44,1552836
21/03/2019 21:20:45,1552836
21/03/2019 21:21:46,1552836
21/03/2019 21:22:46,1552836
21/03/2019 21:23:47,1552836
21/03/2019 21:24:48,1552836
21/03/2019 21:25:48,1552836
21/03/2019 21:26:49,1552836
21/03/2019 21:27:49,1552836
21/03/2019 21:28:50,1552836
21/03/2019 21:29:50,1552836
21/03/2019 21:30:50,1688600
21/03/2019 21:31:51,1688600
21/03/2019 21:32:51,1688600
21/03/2019 21:33:52,1688600
21/03/2019 21:34:53,1688600
21/03/2019 21:35:53,1688600
21/03/2019 21:36:54,1688600
21/03/2019 21:37:54,1688600
21/03/2019 21:38:54,1688600
21/03/2019 21:39:55,1688600
21/03/2019 21:40:56,1688600
21/03/2019 21:41:59,1753194
21/03/2019 21:43:01,1753194
21/03/2019 21:44:04,1753194
21/03/2019 21:45:06,1753194
21/03/2019 21:46:08,1753194
21/03/2019 21:47:09,1753194
21/03/2019 21:48:11,1753194
21/03/2019 21:49:12,1753194
21/03/2019 21:50:13,1753194
21/03/2019 21:51:14,1753194
21/03/2019 21:52:16,1753194
21/03/2019 21:53:17,1753194
21/03/2019 21:54:18,1753194
21/03/2019 21:55:19,1753194
21/03/2019 21:56:20,1753194
21/03/2019 21:57:21,1830692
21/03/2019 21:58:22,1830692
21/03/2019 21:59:23,1830692
21/03/2019 22:00:24,1830692
21/03/2019 22:01:26,1830692
21/03/2019 22:02:27,1830692
21/03/2019 22:03:28,1830692
21/03/2019 22:04:28,1830692
21/03/2019 22:05:30,1830692
21/03/2019 22:06:31,1830692
21/03/2019 22:07:32,1830692
21/03/2019 22:08:33,1882010
21/03/2019 22:09:34,1882010
21/03/2019 22:10:35,1882010
21/03/2019 22:11:36,1882010
21/03/2019 22:12:37,1882010
21/03/2019 22:13:38,1902969
21/03/2019 22:14:39,1902969
21/03/2019 22:15:40,1902969
21/03/2019 22:16:42,1902969
21/03/2019 22:17:42,1902969
21/03/2019 22:18:44,1902969
21/03/2019 22:19:45,1902969
21/03/2019 22:20:47,1934407
21/03/2019 22:21:48,1934407
21/03/2019 22:22:49,1941699
21/03/2019 22:23:50,1941699
21/03/2019 22:24:51,1941699
21/03/2019 22:25:52,1954677
21/03/2019 22:26:53,1954677
21/03/2019 22:27:54,1960710
21/03/2019 22:28:55,1960710
21/03/2019 22:29:57,1969369
21/03/2019 22:30:59,1969369
21/03/2019 22:32:01,1978314
21/03/2019 22:33:03,1978314
21/03/2019 22:34:05,1984360
21/03/2019 22:35:06,1984360
21/03/2019 22:36:08,1992392
21/03/2019 22:37:09,1992392
21/03/2019 22:38:10,1999386
21/03/2019 22:39:11,2002343
21/03/2019 22:40:12,2002343
21/03/2019 22:41:13,2002343
21/03/2019 22:42:14,2002343
21/03/2019 22:43:15,2002343
21/03/2019 22:44:15,2002343
21/03/2019 22:45:16,2002343
21/03/2019 22:46:17,2002343
21/03/2019 22:47:18,2002343
21/03/2019 22:48:18,2002343
21/03/2019 22:49:19,2002343
21/03/2019 22:50:20,2002343
21/03/2019 22:51:21,2002343
21/03/2019 22:52:22,2002343
21/03/2019 22:53:23,2002343
21/03/2019 22:54:24,2002343
21/03/2019 22:55:24,2002343
21/03/2019 22:56:25,2002343
21/03/2019 22:57:26,2002343
21/03/2019 22:58:27,2002343
21/03/2019 22:59:28,2002343
21/03/2019 23:00:29,2002343
21/03/2019 23:01:33,2002343
21/03/2019 23:02:34,2002343
21/03/2019 23:03:34,2002343
21/03/2019 23:04:36,2002343
21/03/2019 23:05:36,2002343
21/03/2019 23:06:37,2002343
21/03/2019 23:07:38,2002343
21/03/2019 23:08:39,2002343
22/03/2019 00:52:43,2232118
22/03/2019 00:53:44,2232118
22/03/2019 00:54:45,2232118
22/03/2019 00:55:46,2232118
22/03/2019 00:56:46,2232118
22/03/2019 00:57:47,2232118
22/03/2019 00:58:48,2232118
22/03/2019 00:59:48,2232118
22/03/2019 01:00:49,2232118
22/03/2019 01:01:50,2232118
22/03/2019 01:02:50,2232118
22/03/2019 01:03:51,2232118
22/03/2019 01:04:51,2232118
22/03/2019 01:05:52,2232118
22/03/2019 01:06:52,2232118
22/03/2019 01:07:53,2232118
22/03/2019 01:08:54,2232118
22/03/2019 01:09:55,2232118
22/03/2019 01:10:55,2232118
22/03/2019 01:11:56,2232118
22/03/2019 01:12:57,2232118
22/03/2019 01:13:57,2232118
22/03/2019 01:14:58,2232118
22/03/2019 01:15:59,2232118
22/03/2019 01:17:00,2232118
22/03/2019 01:18:02,2232118
22/03/2019 01:19:04,2232118
22/03/2019 01:20:05,2232118
22/03/2019 01:21:07,2232118
22/03/2019 01:22:08,2232118
22/03/2019 01:23:09,2232118
22/03/2019 01:24:09,2232118
22/03/2019 01:25:10,2232118
22/03/2019 01:26:11,2232118
22/03/2019 01:27:12,2232118
22/03/2019 01:28:12,2232118
22/03/2019 01:29:13,2232118
22/03/2019 01:30:13,2232118
22/03/2019 01:31:14,2232118
22/03/2019 01:32:15,2232118
22/03/2019 01:33:16,2232118
22/03/2019 01:34:16,2232118
22/03/2019 01:35:17,2232118
22/03/2019 01:36:17,2232118
22/03/2019 01:37:18,2232118
22/03/2019 01:38:18,2232118
22/03/2019 01:39:19,2232118
22/03/2019 01:40:20,2232118
22/03/2019 01:41:20,2232118
22/03/2019 01:42:21,2232118
22/03/2019 01:43:22,2232118
22/03/2019 01:44:22,2232118
22/03/2019 01:45:22,2232118
22/03/2019 01:46:23,2232118
22/03/2019 01:47:24,2232118
22/03/2019 01:48:24,2232118
22/03/2019 01:49:25,2232118
22/03/2019 01:50:26,2232118
22/03/2019 01:51:26,2232118
22/03/2019 01:52:27,2232118
22/03/2019 01:53:27,2232118
22/03/2019 01:54:28,2232118
22/03/2019 01:55:29,2232118
22/03/2019 01:56:30,2232118
22/03/2019 01:57:30,2232118
22/03/2019 01:58:31,2232118
22/03/2019 01:59:32,2232118
22/03/2019 02:01:05,2232118
22/03/2019 02:02:00,2232118
22/03/2019 02:03:23,2232118
22/03/2019 02:04:24,2232118
22/03/2019 02:05:24,2275293
22/03/2019 02:06:24,2275293
22/03/2019 02:07:27,2275293
22/03/2019 02:08:27,2275293
22/03/2019 02:09:28,2275293
22/03/2019 02:10:29,2275293
22/03/2019 02:11:30,2275293
22/03/2019 02:12:30,2275293
22/03/2019 02:13:31,2275293
22/03/2019 02:14:31,2275293
22/03/2019 02:15:32,2275293
22/03/2019 02:16:32,2275293
22/03/2019 02:17:33,2275293
22/03/2019 02:18:34,2275293
22/03/2019 02:19:34,2275293
22/03/2019 02:20:35,2278830
22/03/2019 02:21:35,2278830
22/03/2019 02:22:36,2278830
22/03/2019 02:23:37,2278830
22/03/2019 02:24:37,2278830
22/03/2019 02:25:37,2278830
22/03/2019 02:26:38,2278830
22/03/2019 02:27:38,2278830
22/03/2019 02:28:39,2278830
22/03/2019 02:29:39,2278830
22/03/2019 02:30:40,2278830
22/03/2019 02:31:40,2281326
22/03/2019 02:32:41,2281326
22/03/2019 02:33:42,2281326
22/03/2019 02:34:42,2281326
22/03/2019 02:35:43,2281326
22/03/2019 02:36:43,2281326
22/03/2019 02:37:44,2281326
22/03/2019 02:38:44,2281326
22/03/2019 02:39:45,2281326
22/03/2019 02:40:45,2281326
22/03/2019 02:41:46,2281326
22/03/2019 02:42:46,2281326
22/03/2019 02:43:47,2281326
22/03/2019 02:44:47,2281326
22/03/2019 02:45:48,2281326
22/03/2019 02:46:50,2281326
22/03/2019 02:47:51,2281326
22/03/2019 02:48:51,2281326
22/03/2019 02:49:52,2281326
22/03/2019 02:50:52,2281326
22/03/2019 02:51:53,2281326
22/03/2019 02:52:53,2281326
22/03/2019 02:53:54,2281326
22/03/2019 02:54:54,2281326
22/03/2019 02:55:55,2281326
22/03/2019 02:56:55,2281326
22/03/2019 02:57:56,2281326
22/03/2019 02:58:56,2281326
22/03/2019 02:59:57,2281326
22/03/2019 03:00:58,2281326
22/03/2019 03:01:59,2281326
22/03/2019 03:03:02,2281326
22/03/2019 03:04:03,2281326
22/03/2019 03:05:05,2281326
22/03/2019 03:06:06,2281326
22/03/2019 03:07:07,2281326
22/03/2019 03:08:08,2281326
22/03/2019 03:09:08,2281326
22/03/2019 03:10:09,2281326
22/03/2019 03:11:12,2281326
22/03/2019 03:12:13,2281326
22/03/2019 03:13:13,2281326
22/03/2019 03:14:14,2281326
22/03/2019 03:15:14,2281326
22/03/2019 03:16:15,2281326
22/03/2019 03:17:16,2281326
22/03/2019 03:18:16,2281326
22/03/2019 03:19:17,2281326
22/03/2019 03:20:17,2281326
22/03/2019 03:21:17,2281326
22/03/2019 03:22:18,2281326
22/03/2019 03:23:19,2281326
22/03/2019 03:24:19,2281326
22/03/2019 03:25:20,2281326
22/03/2019 03:26:20,2281326
22/03/2019 03:27:21,2281326
22/03/2019 03:28:21,2281326
22/03/2019 03:29:22,2281326
22/03/2019 03:30:23,2281326
22/03/2019 03:31:23,2281326
22/03/2019 03:32:24,2281326
22/03/2019 03:33:24,2281326
22/03/2019 03:34:25,2281326
22/03/2019 03:35:25,2281326
22/03/2019 03:36:26,2281326
22/03/2019 03:37:27,2281326
22/03/2019 03:38:28,2281326
22/03/2019 03:39:29,2281326
22/03/2019 03:40:30,2281326
22/03/2019 03:41:30,2281326
22/03/2019 03:42:31,2281326
22/03/2019 03:43:32,2281326
22/03/2019 03:44:32,2281326
22/03/2019 03:45:33,2281326
22/03/2019 03:46:34,2281326
22/03/2019 03:47:34,2281326
22/03/2019 03:48:35,2281326
22/03/2019 03:49:35,2281326
22/03/2019 03:50:36,2281326
22/03/2019 03:51:36,2281326
22/03/2019 03:52:37,2281326
22/03/2019 03:53:38,2281326
22/03/2019 03:54:38,2281326
22/03/2019 03:55:39,2281326
22/03/2019 03:56:39,2281326
22/03/2019 03:57:40,2281326
22/03/2019 03:58:40,2281326
22/03/2019 03:59:41,2281326
22/03/2019 04:00:41,2281326
22/03/2019 04:01:42,2281326
22/03/2019 04:02:42,2281326
22/03/2019 04:03:43,2281326
22/03/2019 04:04:44,2281326
22/03/2019 04:05:44,2281326
22/03/2019 04:06:45,2281326
22/03/2019 04:07:45,2281326
22/03/2019 04:08:46,2281326
22/03/2019 04:09:47,2281326
22/03/2019 04:10:48,2281326
22/03/2019 04:11:49,2281326
22/03/2019 04:12:50,2281326
22/03/2019 04:13:50,2281326
22/03/2019 04:14:51,2281326
22/03/2019 04:15:52,2281326
22/03/2019 04:16:52,2281326
22/03/2019 04:17:53,2281326
22/03/2019 04:18:53,2281326
22/03/2019 04:19:54,2281326
22/03/2019 04:20:54,2281326
22/03/2019 04:21:55,2281326
22/03/2019 04:22:55,2281326
22/03/2019 04:23:56,2281326
22/03/2019 04:24:56,2281326
22/03/2019 04:25:57,2281326
22/03/2019 04:26:58,2281326
22/03/2019 04:27:58,2281326
22/03/2019 04:29:00,2281326
22/03/2019 04:30:02,2281326
22/03/2019 04:31:06,2281326
22/03/2019 04:32:07,2281326
22/03/2019 04:33:07,2281326
22/03/2019 04:34:08,2281326
22/03/2019 04:35:08,2281326
22/03/2019 04:36:09,2281326
22/03/2019 04:37:09,2281326
22/03/2019 04:38:10,2281326
22/03/2019 04:39:10,2281326
22/03/2019 04:40:11,2281326
22/03/2019 04:41:11,2281326
22/03/2019 04:42:12,2281326
22/03/2019 04:43:13,2281326
22/03/2019 04:44:13,2281326
22/03/2019 04:45:14,2281326
22/03/2019 04:46:14,2281326
22/03/2019 04:47:15,2281326
22/03/2019 04:48:16,2281326
22/03/2019 04:49:16,2281326
22/03/2019 04:50:16,2281326
22/03/2019 04:51:17,2281326
22/03/2019 04:52:18,2281326
22/03/2019 04:53:18,2281326
22/03/2019 04:54:19,2281326
22/03/2019 04:55:19,2281326
22/03/2019 04:56:20,2281326
22/03/2019 04:57:20,2281326
22/03/2019 04:58:21,2281326
22/03/2019 04:59:22,2281326
22/03/2019 05:00:24,2281326
22/03/2019 05:01:25,2281326
22/03/2019 05:02:25,2281326
22/03/2019 05:03:26,2281326
22/03/2019 05:04:27,2281326
22/03/2019 05:05:27,2281326
22/03/2019 05:06:28,2281326
22/03/2019 05:07:28,2281326
22/03/2019 05:08:29,2281326
22/03/2019 05:09:30,2281326
22/03/2019 05:10:30,2281326
22/03/2019 05:11:30,2281326
22/03/2019 05:12:31,2281326
22/03/2019 05:13:32,2281326
22/03/2019 05:14:32,2281326
22/03/2019 05:15:33,2281326
22/03/2019 05:16:34,2281326
22/03/2019 05:17:34,2281326
22/03/2019 05:18:35,2281326
22/03/2019 05:19:35,2281326
22/03/2019 05:20:36,2281326
22/03/2019 05:21:36,2281326
22/03/2019 05:22:37,2281326
22/03/2019 05:23:38,2281326
22/03/2019 05:24:39,2281326
22/03/2019 05:25:40,2281326
22/03/2019 05:26:40,2281326
22/03/2019 05:27:41,2281326
22/03/2019 05:28:41,2281326
22/03/2019 05:29:42,2281326
22/03/2019 05:30:42,2281326
22/03/2019 05:31:43,2281326
22/03/2019 05:32:43,2281326
22/03/2019 05:33:44,2281326
22/03/2019 05:34:44,2281326
22/03/2019 05:35:45,2281326
22/03/2019 05:36:45,2281326
22/03/2019 05:37:46,2281326
22/03/2019 05:38:47,2281326
22/03/2019 05:39:47,2281326
22/03/2019 05:40:48,2281326
22/03/2019 05:41:49,2281326
22/03/2019 05:42:49,2281326
22/03/2019 05:43:50,2281326
22/03/2019 05:44:50,2281326
22/03/2019 05:45:51,2281326
22/03/2019 05:46:53,2281326
22/03/2019 05:47:54,2281326
22/03/2019 05:48:55,2281326
22/03/2019 05:49:55,2281326
22/03/2019 05:50:56,2281326
22/03/2019 05:51:57,2281326
22/03/2019 05:52:58,2281326
22/03/2019 05:53:59,2281326
22/03/2019 05:55:00,2281326
22/03/2019 05:56:03,2281326
22/03/2019 05:57:05,2281326
22/03/2019 05:58:06,2281326
22/03/2019 05:59:06,2281326
22/03/2019 06:00:07,2281326
22/03/2019 06:01:12,2281326
22/03/2019 06:02:12,2281326
22/03/2019 06:03:14,2281326
22/03/2019 06:04:14,2281326
22/03/2019 06:05:15,2281326
22/03/2019 06:06:16,2281326
22/03/2019 06:07:16,2281326
22/03/2019 06:08:17,2281326
22/03/2019 06:09:18,2281326
22/03/2019 06:10:19,2281326
22/03/2019 06:11:19,2281326
22/03/2019 06:12:20,2281326
22/03/2019 06:13:21,2281326
22/03/2019 06:14:21,2281326
22/03/2019 06:15:22,2281326
22/03/2019 06:16:22,2281326
22/03/2019 06:17:23,2281326
22/03/2019 06:18:23,2281326
22/03/2019 06:19:24,2281326
22/03/2019 06:20:25,2281326
22/03/2019 06:21:26,2281326
22/03/2019 06:22:26,2281326
22/03/2019 06:23:27,2281326
22/03/2019 06:24:27,2281326
22/03/2019 06:25:29,2281326
22/03/2019 06:26:30,2281326
22/03/2019 06:27:31,2281326
22/03/2019 06:28:31,2281326
22/03/2019 06:29:32,2281326
22/03/2019 06:30:32,2281326
22/03/2019 06:31:33,2281326
22/03/2019 06:32:34,2281326
22/03/2019 06:33:34,2281326
22/03/2019 06:34:35,2281326
22/03/2019 06:35:36,2281326
22/03/2019 06:36:37,2281326
22/03/2019 06:37:37,2281326
22/03/2019 06:38:38,2281326
22/03/2019 06:39:38,2281326
22/03/2019 06:40:39,2281326
22/03/2019 06:41:39,2281326
22/03/2019 06:42:40,2281326
22/03/2019 06:43:40,2281326
22/03/2019 06:44:41,2281326
22/03/2019 06:45:41,2281326
22/03/2019 06:46:42,2281326
22/03/2019 06:47:42,2281326
22/03/2019 06:48:43,2281326
22/03/2019 06:49:44,2281326
22/03/2019 06:50:44,2281326
22/03/2019 06:51:45,2281326
22/03/2019 06:52:45,2281326
22/03/2019 06:53:46,2281326
22/03/2019 06:54:46,2281326
22/03/2019 06:55:47,2281326
22/03/2019 06:56:48,2281326
22/03/2019 06:57:48,2281326
22/03/2019 06:58:49,2281326
22/03/2019 06:59:49,2281326
22/03/2019 07:00:49,2281326
22/03/2019 07:01:50,2281326
22/03/2019 07:02:51,2281326
22/03/2019 07:03:51,2281326
22/03/2019 07:04:52,2281326
22/03/2019 07:05:52,2281326
22/03/2019 07:06:53,2281326
22/03/2019 07:07:53,2281326
22/03/2019 07:08:54,2281326
22/03/2019 07:09:54,2281326
22/03/2019 07:10:55,2281326
22/03/2019 07:11:56,2281326
22/03/2019 07:12:38,2281326
22/03/2019 07:13:38,2281326
22/03/2019 07:14:39,2281326
22/03/2019 07:15:40,2281326
22/03/2019 07:16:40,2281326
22/03/2019 07:17:41,2281326
22/03/2019 07:18:42,2281326
22/03/2019 07:19:42,2281326
22/03/2019 07:20:43,2281326
22/03/2019 07:21:43,2451828
22/03/2019 07:22:44,2451828
22/03/2019 07:23:45,2451828
22/03/2019 07:24:45,2451828
22/03/2019 07:25:46,2451828
22/03/2019 07:26:47,2451828
22/03/2019 07:27:47,2451828
22/03/2019 07:28:48,2451828
22/03/2019 07:29:48,2451828
22/03/2019 07:30:49,2451828
22/03/2019 07:31:49,2451828
22/03/2019 07:32:50,2451828
22/03/2019 07:33:50,2451828
22/03/2019 07:34:51,2451828
22/03/2019 07:35:51,2451828
22/03/2019 07:36:52,2451828
22/03/2019 07:37:53,2451828
22/03/2019 07:38:53,2451828
22/03/2019 07:39:54,2451828
22/03/2019 07:40:55,2451828
22/03/2019 07:41:56,2451828
22/03/2019 07:42:58,2451828
22/03/2019 07:43:58,2451828
22/03/2019 07:44:59,2451828
22/03/2019 07:46:02,2451828
22/03/2019 07:47:05,2451828
22/03/2019 07:48:07,2451828
22/03/2019 07:49:07,2451828
22/03/2019 07:50:08,2451828
22/03/2019 07:51:10,2451828
22/03/2019 07:52:10,2451828
22/03/2019 07:53:11,2451828
22/03/2019 07:54:12,2451828
22/03/2019 07:55:13,2451828
22/03/2019 07:56:13,2451828
22/03/2019 07:57:14,2451828
22/03/2019 07:58:15,2451828
22/03/2019 07:59:15,2451828
22/03/2019 08:00:16,2451828
22/03/2019 08:01:18,2451828
22/03/2019 08:02:19,2451828
22/03/2019 08:03:20,2451828
22/03/2019 08:04:21,2451828
22/03/2019 08:05:21,2451828
22/03/2019 08:06:22,2451828
22/03/2019 08:07:22,2451828
22/03/2019 08:08:23,2451828
22/03/2019 08:09:23,2451828
22/03/2019 08:10:24,2451828
22/03/2019 08:11:24,2451828
22/03/2019 08:12:25,2451828
22/03/2019 08:13:25,2451828
22/03/2019 08:14:26,2451828
22/03/2019 08:15:27,2451828
22/03/2019 08:16:27,2451828
22/03/2019 08:17:28,2451828
22/03/2019 08:18:28,2451828
22/03/2019 08:19:29,2577556
22/03/2019 08:20:29,2577556
22/03/2019 08:21:30,2577556
22/03/2019 08:22:31,2577556
22/03/2019 08:23:32,2577556
22/03/2019 08:24:32,2577556
22/03/2019 08:25:33,2577556
22/03/2019 08:26:34,2577556
22/03/2019 08:27:34,2577556
22/03/2019 08:28:36,2577556
22/03/2019 08:29:36,2577556
22/03/2019 08:30:37,2577556
22/03/2019 08:31:38,2577556
22/03/2019 08:32:38,2577556
22/03/2019 08:33:39,2577556
22/03/2019 08:34:39,2577556
22/03/2019 08:35:40,2577556
22/03/2019 08:36:41,2615963
22/03/2019 08:37:41,2615963
22/03/2019 08:38:42,2615963
22/03/2019 08:39:42,2615963
22/03/2019 08:40:43,2625272
22/03/2019 08:41:43,2625272
22/03/2019 08:42:44,2625272
22/03/2019 08:43:45,2625272
22/03/2019 08:44:45,2625272
22/03/2019 08:45:46,2625272
22/03/2019 08:46:47,2625272
22/03/2019 08:47:48,2640377
22/03/2019 08:48:49,2640377
22/03/2019 08:49:49,2640377
22/03/2019 08:50:50,2640377
22/03/2019 08:51:51,2640377
22/03/2019 08:52:51,2652274
22/03/2019 08:53:52,2652274
22/03/2019 08:54:52,2652274
22/03/2019 08:55:53,2652274
22/03/2019 08:56:53,2652274
22/03/2019 08:57:54,2652274
22/03/2019 08:58:55,2652274
22/03/2019 08:59:56,2652274
22/03/2019 09:00:57,2668994
22/03/2019 09:01:57,2668994
22/03/2019 09:02:58,2668994
22/03/2019 09:04:01,2668994
22/03/2019 09:05:04,2668994
22/03/2019 09:06:06,2668994
22/03/2019 09:07:08,2668994
22/03/2019 09:08:09,2668994
22/03/2019 09:09:10,2687402
22/03/2019 09:10:10,2687402
22/03/2019 09:11:12,2687402
22/03/2019 09:12:12,2687402
22/03/2019 09:13:13,2687402
22/03/2019 09:14:14,2687402
22/03/2019 09:15:14,2687402
22/03/2019 09:16:15,2687402
22/03/2019 09:17:16,2687402
22/03/2019 09:18:16,2708727
22/03/2019 09:19:17,2708727
22/03/2019 09:20:18,2708727
22/03/2019 09:21:18,2708727
22/03/2019 09:22:19,2708727
22/03/2019 09:23:19,2708727
22/03/2019 09:24:20,2708727
22/03/2019 09:25:21,2708727
22/03/2019 09:26:21,2708727
22/03/2019 09:27:22,2728265
22/03/2019 09:28:22,2728265
22/03/2019 09:29:23,2728265
22/03/2019 09:30:24,2728265
22/03/2019 09:31:24,2728265
22/03/2019 09:32:25,2728265
22/03/2019 09:33:26,2728265
22/03/2019 09:34:26,2728265
22/03/2019 09:35:27,2728265
22/03/2019 09:36:28,2728265
22/03/2019 09:37:29,2750513
22/03/2019 09:38:29,2750513
22/03/2019 09:39:30,2750513
22/03/2019 09:40:31,2750513
22/03/2019 09:41:31,2750513
22/03/2019 09:42:32,2750513
22/03/2019 09:43:33,2750513
22/03/2019 09:44:33,2750513
22/03/2019 09:45:34,2750513
22/03/2019 09:46:34,2750513
22/03/2019 09:47:35,2750513
22/03/2019 09:48:36,2750513
22/03/2019 09:49:36,2750513
22/03/2019 09:50:37,2750513
22/03/2019 09:51:38,2750513
22/03/2019 09:52:38,2750513
22/03/2019 09:53:39,2783605
22/03/2019 09:54:40,2783605
22/03/2019 09:55:40,2783605
22/03/2019 09:56:41,2783605
22/03/2019 09:57:42,2783605
22/03/2019 09:58:42,2783605
22/03/2019 09:59:43,2783605
22/03/2019 10:00:43,2783605
22/03/2019 10:01:44,2783605
22/03/2019 10:02:45,2783605
22/03/2019 10:03:46,2783605
22/03/2019 10:04:47,2783605
22/03/2019 10:05:47,2783605
22/03/2019 10:06:48,2783605
22/03/2019 10:07:49,2783605
22/03/2019 10:08:50,2783605
22/03/2019 10:09:50,2783605
22/03/2019 10:10:51,2783605
22/03/2019 10:11:51,2783605
22/03/2019 10:12:52,2783605
22/03/2019 10:13:53,2783605
22/03/2019 10:14:54,2783605
22/03/2019 10:15:54,2783605
22/03/2019 10:16:55,2783605
22/03/2019 10:17:56,2783605
22/03/2019 10:18:56,2833656
22/03/2019 10:19:57,2833656
22/03/2019 10:20:58,2833656
22/03/2019 10:21:59,2833656
22/03/2019 10:23:01,2833656
22/03/2019 10:24:03,2833656
22/03/2019 10:25:06,2833656
22/03/2019 10:26:08,2833656
22/03/2019 10:27:09,2833656
22/03/2019 10:28:10,2833656
22/03/2019 10:29:11,2833656
22/03/2019 10:30:11,2833656
22/03/2019 10:31:14,2833656
22/03/2019 10:32:19,2833656
22/03/2019 10:33:20,2833656
22/03/2019 10:34:21,2833656
22/03/2019 10:35:21,2833656
22/03/2019 10:36:23,2833656
22/03/2019 10:37:23,2866811
22/03/2019 10:38:24,2866811
22/03/2019 10:39:24,2866811
22/03/2019 10:40:25,2866811
22/03/2019 10:41:26,2866811
22/03/2019 10:42:27,2866811
22/03/2019 10:43:28,2866811
22/03/2019 10:44:29,2866811
22/03/2019 10:45:29,2866811
22/03/2019 10:46:30,2866811
22/03/2019 10:47:31,2866811
22/03/2019 10:48:31,2866811
22/03/2019 10:49:32,2866811
22/03/2019 10:50:32,2866811
22/03/2019 10:51:33,2866811
22/03/2019 10:52:34,2866811
22/03/2019 10:53:34,2866811
22/03/2019 10:54:35,2895243
22/03/2019 10:55:36,2895243
22/03/2019 10:56:36,2895243
22/03/2019 10:57:37,2895243
22/03/2019 10:58:38,2895243
22/03/2019 10:59:39,2895243
22/03/2019 11:00:39,2895243
22/03/2019 11:01:40,2895243
22/03/2019 11:02:40,2895243
22/03/2019 11:03:41,2895243
22/03/2019 11:04:42,2895243
22/03/2019 11:05:42,2895243
22/03/2019 11:06:43,2895243
22/03/2019 11:07:44,2895243
22/03/2019 11:08:44,2895243
22/03/2019 11:09:45,2918806
22/03/2019 11:10:45,2918806
22/03/2019 11:11:46,2918806
22/03/2019 11:12:47,2918806
22/03/2019 11:13:48,2918806
22/03/2019 11:14:49,2918806
22/03/2019 11:15:49,2918806
22/03/2019 11:16:50,2918806
22/03/2019 11:17:51,2918806
22/03/2019 11:18:51,2918806
22/03/2019 11:19:52,2918806
22/03/2019 11:20:53,2918806
22/03/2019 11:21:53,2918806
22/03/2019 11:22:54,2940431
22/03/2019 11:23:55,2940431
22/03/2019 11:24:56,2940431
22/03/2019 11:25:56,2940431
22/03/2019 11:26:57,2940431
22/03/2019 11:27:58,2940431
22/03/2019 11:29:00,2940431
22/03/2019 11:30:02,2940431
22/03/2019 11:31:07,2940431
22/03/2019 11:32:08,2940431
22/03/2019 11:33:09,2940431
22/03/2019 11:34:10,2940431
22/03/2019 11:35:11,2940431
22/03/2019 11:36:12,2940431
22/03/2019 11:37:13,2940431
22/03/2019 11:38:14,2940431
22/03/2019 11:39:14,2940431
22/03/2019 11:40:15,2940431
22/03/2019 11:41:16,2940431
22/03/2019 11:42:16,2940431
22/03/2019 11:43:17,2971394
22/03/2019 11:44:18,2971394
22/03/2019 11:45:19,2971394
22/03/2019 11:46:20,2971394
22/03/2019 11:47:20,2971394
22/03/2019 11:48:21,2971394
22/03/2019 11:49:21,2971394
22/03/2019 11:50:22,2971394
22/03/2019 11:51:23,2971394
22/03/2019 11:52:24,2971394
22/03/2019 11:53:25,2971394
22/03/2019 11:54:25,2971394
22/03/2019 11:55:26,2971394
22/03/2019 11:56:27,2971394
22/03/2019 11:57:27,2971394
22/03/2019 11:58:28,2971394
22/03/2019 11:59:29,2971394
22/03/2019 12:00:30,2971394
22/03/2019 12:01:31,2971394
22/03/2019 12:02:31,2971394
22/03/2019 12:03:32,2971394
22/03/2019 12:04:33,2971394
22/03/2019 12:05:34,2971394
22/03/2019 12:06:35,3008594
22/03/2019 12:07:35,3008594
22/03/2019 12:08:36,3008594
22/03/2019 12:09:36,3008594
22/03/2019 12:10:37,3008594
22/03/2019 12:11:38,3008594
22/03/2019 12:12:39,3008594
22/03/2019 12:13:39,3008594
22/03/2019 12:14:40,3008594
22/03/2019 12:15:40,3008594
22/03/2019 12:16:41,3008594
22/03/2019 12:17:42,3008594
22/03/2019 12:18:42,3008594
22/03/2019 12:19:43,3008594
22/03/2019 12:20:44,3008594
22/03/2019 12:21:44,3008594
22/03/2019 12:22:45,3008594
22/03/2019 12:23:46,3008594
22/03/2019 12:24:47,3008594
22/03/2019 12:25:48,3008594
22/03/2019 12:26:48,3008594
22/03/2019 12:27:49,3008594
22/03/2019 12:28:50,3008594
22/03/2019 12:29:50,3047041
22/03/2019 12:30:51,3047041
22/03/2019 12:31:52,3047041
22/03/2019 12:32:52,3047041
22/03/2019 12:33:53,3047041
22/03/2019 12:34:54,3047041
22/03/2019 12:35:54,3047041
22/03/2019 12:36:55,3047041
22/03/2019 12:37:56,3047041
22/03/2019 12:38:56,3047041
22/03/2019 12:39:57,3047041
22/03/2019 12:40:58,3047041
22/03/2019 12:41:59,3047041
22/03/2019 12:43:01,3047041
22/03/2019 12:44:04,3047041
22/03/2019 12:45:05,3047041
22/03/2019 12:46:09,3047041
22/03/2019 12:47:09,3047041
22/03/2019 12:48:10,3047041
22/03/2019 12:49:12,3047041
22/03/2019 12:50:12,3047041
22/03/2019 12:51:13,3047041
22/03/2019 12:52:13,3047041
22/03/2019 12:53:14,3047041
22/03/2019 12:54:15,3047041
22/03/2019 12:55:16,3047041
22/03/2019 12:56:17,3047041
22/03/2019 12:57:18,3047041
22/03/2019 12:58:18,3100779
22/03/2019 12:59:19,3100779
22/03/2019 13:00:20,3100779
22/03/2019 13:01:21,3100779
22/03/2019 13:02:22,3100779
22/03/2019 13:03:22,3100779
22/03/2019 13:04:23,3100779
22/03/2019 13:05:24,3100779
22/03/2019 13:06:25,3100779
22/03/2019 13:07:26,3100779
22/03/2019 13:08:28,3100779
22/03/2019 13:09:29,3100779
22/03/2019 13:10:30,3100779
22/03/2019 13:11:31,3100779
22/03/2019 13:12:32,3100779
22/03/2019 13:13:33,3100779
22/03/2019 13:14:34,3100779
22/03/2019 13:15:36,3100779
22/03/2019 13:16:36,3100779
22/03/2019 13:17:37,3100779
22/03/2019 13:18:38,3100779
22/03/2019 13:19:40,3100779
22/03/2019 13:20:41,3100779
22/03/2019 13:21:43,3100779
22/03/2019 13:22:44,3100779
22/03/2019 13:23:46,3100779
22/03/2019 13:24:47,3100779
22/03/2019 13:25:49,3153074
22/03/2019 13:26:50,3153074
22/03/2019 13:27:51,3153074
22/03/2019 13:28:52,3153074
22/03/2019 13:29:54,3153074
22/03/2019 13:30:55,3153074
22/03/2019 13:31:56,3153074
22/03/2019 13:32:57,3153074
22/03/2019 13:33:58,3153074
22/03/2019 13:35:00,3153074
22/03/2019 13:36:03,3153074
22/03/2019 13:37:06,3153074
22/03/2019 13:38:09,3153074
22/03/2019 13:39:10,3153074
22/03/2019 13:40:12,3153074
22/03/2019 13:41:13,3153074
22/03/2019 13:42:14,3153074
22/03/2019 13:43:15,3153074
22/03/2019 13:44:16,3153074
22/03/2019 13:45:17,3153074
22/03/2019 13:46:18,3153074
22/03/2019 13:47:19,3153074
22/03/2019 13:48:19,3153074
22/03/2019 13:49:20,3153074
22/03/2019 13:50:21,3153074
22/03/2019 13:51:22,3153074
22/03/2019 13:52:23,3153074
22/03/2019 13:53:24,3153074
22/03/2019 13:54:26,3153074
22/03/2019 13:55:27,3153074
22/03/2019 13:56:28,3153074
22/03/2019 13:57:29,3153074
22/03/2019 13:58:31,3153074
22/03/2019 13:59:32,3153074
22/03/2019 14:00:34,3153074
22/03/2019 14:01:37,3153074
22/03/2019 14:02:39,3153074
22/03/2019 14:03:41,3153074
22/03/2019 14:04:43,3153074
22/03/2019 14:05:44,3153074
22/03/2019 14:06:46,3153074
22/03/2019 14:07:47,3153074
22/03/2019 14:08:48,3153074
22/03/2019 14:09:50,3153074
22/03/2019 14:10:52,3153074
22/03/2019 14:11:53,3153074
22/03/2019 14:12:54,3153074
22/03/2019 14:13:56,3153074
22/03/2019 14:14:57,3153074
22/03/2019 14:15:59,3238126
22/03/2019 14:17:03,3238126
22/03/2019 14:18:07,3238126
22/03/2019 14:19:08,3238126
22/03/2019 14:20:09,3238126
22/03/2019 14:21:11,3238126
22/03/2019 14:22:12,3238126
22/03/2019 14:23:13,3238126
22/03/2019 14:24:14,3238126
22/03/2019 14:25:15,3238126
22/03/2019 14:26:16,3238126
22/03/2019 14:27:16,3238126
22/03/2019 14:28:17,3238126
22/03/2019 14:29:17,3238126
22/03/2019 14:30:19,3238126
22/03/2019 14:31:20,3238126
22/03/2019 14:32:21,3238126
22/03/2019 14:33:22,3238126
22/03/2019 14:34:23,3238126
22/03/2019 14:35:23,3238126
22/03/2019 14:36:24,3238126
22/03/2019 14:37:25,3238126
22/03/2019 14:38:26,3238126
22/03/2019 14:39:27,3238126
22/03/2019 14:40:28,3271300
22/03/2019 14:41:29,3271300
22/03/2019 14:42:30,3271300
22/03/2019 14:43:31,3271300
22/03/2019 14:44:32,3271300
22/03/2019 14:45:32,3271300
22/03/2019 14:46:33,3271300
22/03/2019 14:47:34,3271300
22/03/2019 14:48:34,3271300
22/03/2019 14:49:35,3271300
22/03/2019 14:50:35,3271300
22/03/2019 14:51:36,3271300
22/03/2019 14:52:37,3271300
22/03/2019 14:53:39,3271300
22/03/2019 14:54:40,3271300
22/03/2019 14:55:42,3271300
22/03/2019 14:56:43,3271300
22/03/2019 14:57:44,3271300
22/03/2019 14:58:44,3271300
22/03/2019 14:59:45,3271300
22/03/2019 15:00:45,3271300
22/03/2019 15:01:46,3271300
22/03/2019 15:02:47,3271300
22/03/2019 15:03:48,3271300
22/03/2019 15:04:48,3271300
22/03/2019 15:05:49,3304581
22/03/2019 15:06:50,3304581
22/03/2019 15:07:51,3304581
22/03/2019 15:08:51,3304581
22/03/2019 15:09:52,3304581
22/03/2019 15:10:53,3304581
22/03/2019 15:11:54,3304581
22/03/2019 15:12:55,3304581
22/03/2019 15:13:56,3304581
22/03/2019 15:14:57,3304581
22/03/2019 15:15:58,3304581
22/03/2019 15:16:59,3304581
22/03/2019 15:18:02,3304581
22/03/2019 15:19:05,3304581
22/03/2019 15:20:08,3304581
22/03/2019 15:21:11,3304581
22/03/2019 15:22:14,3304581
22/03/2019 15:23:14,3304581
22/03/2019 15:24:15,3304581
22/03/2019 15:25:16,3304581
22/03/2019 15:26:17,3304581
22/03/2019 15:27:18,3304581
22/03/2019 15:28:18,3304581
22/03/2019 15:29:19,3334275
22/03/2019 15:30:20,3334275
22/03/2019 15:31:21,3334275
22/03/2019 15:32:22,3334275
22/03/2019 15:33:23,3334275
22/03/2019 15:34:24,3334275
22/03/2019 15:35:25,3334275
22/03/2019 15:36:27,3334275
22/03/2019 15:37:27,3334275
22/03/2019 15:38:28,3334275
22/03/2019 15:39:29,3334275
22/03/2019 15:40:30,3334275
22/03/2019 15:41:31,3349094
22/03/2019 15:42:31,3349094
22/03/2019 15:43:32,3349094
22/03/2019 15:44:33,3349094
22/03/2019 15:45:34,3349094
22/03/2019 15:46:34,3349094
22/03/2019 15:47:35,3349094
22/03/2019 15:48:36,3349094
22/03/2019 15:49:37,3360250
22/03/2019 15:50:38,3360250
22/03/2019 15:51:39,3360250
22/03/2019 15:52:39,3360250
22/03/2019 15:53:40,3360250
22/03/2019 15:54:43,3360250
22/03/2019 15:55:43,3360250
22/03/2019 15:56:45,3360250
22/03/2019 15:57:46,3360250
22/03/2019 15:58:47,3360250
22/03/2019 15:59:48,3360250
22/03/2019 16:00:49,3360250
22/03/2019 16:01:50,3360250
22/03/2019 16:02:51,3360250
22/03/2019 16:03:52,3360250
22/03/2019 16:04:53,3360250
22/03/2019 16:05:53,3360250
22/03/2019 16:06:55,3360250
22/03/2019 16:07:55,3360250
22/03/2019 16:08:57,3360250
22/03/2019 16:09:59,3360250
22/03/2019 16:11:01,3360250
22/03/2019 16:12:04,3360250
22/03/2019 16:13:07,3360250
22/03/2019 16:14:08,3360250
22/03/2019 16:15:10,3360250
22/03/2019 16:16:12,3360250
22/03/2019 16:17:12,3360250
22/03/2019 16:18:13,3360250
22/03/2019 16:19:14,3360250
22/03/2019 16:20:15,3360250
22/03/2019 16:21:17,3360250
22/03/2019 16:22:18,3360250
22/03/2019 16:23:20,3360250
22/03/2019 16:24:20,3360250
22/03/2019 16:25:21,3360250
22/03/2019 16:26:23,3360250
22/03/2019 16:27:24,3360250
22/03/2019 16:28:25,3360250
22/03/2019 16:29:26,3360250
22/03/2019 16:30:27,3360250
22/03/2019 16:31:28,3360250
22/03/2019 16:32:29,3360250
22/03/2019 16:33:31,3360250
22/03/2019 16:34:32,3360250
22/03/2019 16:35:33,3360250
22/03/2019 16:36:34,3420786
22/03/2019 16:37:35,3420786
22/03/2019 16:38:36,3420786
22/03/2019 16:39:38,3420786
22/03/2019 16:40:39,3420786
22/03/2019 16:41:40,3420786
22/03/2019 16:42:42,3420786
22/03/2019 16:43:43,3420786
22/03/2019 16:44:43,3420786
22/03/2019 16:45:44,3420786
22/03/2019 16:46:45,3420786
22/03/2019 16:47:46,3420786
22/03/2019 16:48:47,3420786
22/03/2019 16:49:48,3420786
22/03/2019 16:50:49,3420786
22/03/2019 16:51:50,3420786
22/03/2019 16:52:51,3420786
22/03/2019 16:53:52,3420786
22/03/2019 16:54:53,3420786
22/03/2019 16:55:54,3420786
22/03/2019 16:56:55,3420786
22/03/2019 16:57:56,3420786
22/03/2019 16:58:57,3420786
22/03/2019 16:59:59,3420786
22/03/2019 17:01:04,3420786
22/03/2019 17:02:06,3420786
22/03/2019 17:03:08,3420786
22/03/2019 17:04:09,3420786
22/03/2019 17:05:10,3420786
22/03/2019 17:06:11,3420786
22/03/2019 17:07:12,3420786
22/03/2019 17:08:14,3420786
22/03/2019 17:09:15,3420786
22/03/2019 17:10:16,3420786
22/03/2019 17:11:18,3420786
22/03/2019 17:12:19,3420786
22/03/2019 17:13:20,3420786
22/03/2019 17:14:22,3420786
22/03/2019 17:15:23,3420786
22/03/2019 17:16:24,3420786
22/03/2019 17:17:26,3420786
22/03/2019 17:18:27,3420786
22/03/2019 17:19:28,3420786
22/03/2019 17:20:30,3420786
22/03/2019 17:21:31,3420786
22/03/2019 17:22:32,3420786
22/03/2019 17:23:34,3420786
22/03/2019 17:24:35,3420786
22/03/2019 17:25:37,3420786
22/03/2019 17:26:38,3420786
22/03/2019 17:27:39,3420786
22/03/2019 17:28:41,3420786
22/03/2019 17:29:42,3420786
22/03/2019 17:30:44,3420786
22/03/2019 17:31:45,3420786
22/03/2019 17:32:47,3420786
22/03/2019 17:33:48,3420786
22/03/2019 17:34:50,3420786
22/03/2019 17:35:52,3420786
22/03/2019 17:36:53,3420786
22/03/2019 17:37:54,3420786
22/03/2019 17:38:56,3420786
22/03/2019 17:39:58,3420786
22/03/2019 17:41:01,3420786
22/03/2019 17:42:04,3504095
22/03/2019 17:43:07,3504095
22/03/2019 17:44:13,3504095
22/03/2019 17:45:14,3504095
22/03/2019 17:46:16,3504095
22/03/2019 17:47:18,3504095
22/03/2019 17:48:19,3504095
22/03/2019 17:49:20,3504095
22/03/2019 17:50:21,3504095
22/03/2019 17:51:23,3504095
22/03/2019 17:52:24,3504095
22/03/2019 17:53:25,3504095
22/03/2019 17:54:26,3504095
22/03/2019 17:55:27,3504095
22/03/2019 17:56:29,3504095
22/03/2019 17:57:31,3504095
22/03/2019 17:58:32,3504095
22/03/2019 17:59:33,3504095
22/03/2019 18:00:35,3504095
22/03/2019 18:01:36,3504095
22/03/2019 18:02:38,3504095
22/03/2019 18:03:39,3504095
22/03/2019 18:04:40,3504095
22/03/2019 18:05:42,3504095
22/03/2019 18:06:43,3504095
22/03/2019 18:07:45,3504095
22/03/2019 18:08:46,3504095
22/03/2019 18:09:48,3504095
22/03/2019 18:10:49,3504095
22/03/2019 18:11:50,3504095
22/03/2019 18:12:52,3504095
22/03/2019 18:13:53,3504095
22/03/2019 18:14:55,3504095
22/03/2019 18:15:56,3504095
22/03/2019 18:16:57,3504095
22/03/2019 18:17:59,3504095
22/03/2019 18:19:03,3504095
22/03/2019 18:20:05,3504095
22/03/2019 18:21:08,3504095
22/03/2019 18:22:10,3504095
22/03/2019 18:23:12,3504095
22/03/2019 18:24:14,3504095
22/03/2019 18:25:15,3504095
22/03/2019 18:26:17,3504095
22/03/2019 18:27:18,3504095
22/03/2019 18:28:20,3504095
22/03/2019 18:29:21,3504095
22/03/2019 18:30:22,3504095
22/03/2019 18:31:23,3504095
22/03/2019 18:32:25,3567130
22/03/2019 18:33:27,3567130
22/03/2019 18:34:29,3567130
22/03/2019 18:35:30,3567130
22/03/2019 18:36:32,3567130
22/03/2019 18:37:33,3567130
22/03/2019 18:38:35,3567130
22/03/2019 18:39:36,3567130
22/03/2019 18:40:38,3567130
22/03/2019 18:41:40,3567130
22/03/2019 18:42:41,3567130
22/03/2019 18:43:43,3567130
22/03/2019 18:44:45,3567130
22/03/2019 18:45:46,3567130
22/03/2019 18:46:48,3567130
22/03/2019 18:47:49,3567130
22/03/2019 18:48:51,3567130
22/03/2019 18:49:53,3567130
22/03/2019 18:50:55,3567130
22/03/2019 18:51:56,3567130
22/03/2019 18:52:59,3567130
22/03/2019 18:54:02,3567130
22/03/2019 18:55:05,3567130
22/03/2019 18:56:08,3567130
22/03/2019 18:57:10,3567130
22/03/2019 18:58:11,3567130
22/03/2019 18:59:16,3567130
22/03/2019 19:00:18,3601056
22/03/2019 19:01:20,3601056
22/03/2019 19:02:21,3601056
22/03/2019 19:03:23,3601056
22/03/2019 19:04:24,3601056
22/03/2019 19:05:26,3601056
22/03/2019 19:06:28,3601056
22/03/2019 19:07:30,3601056
22/03/2019 19:08:31,3601056
22/03/2019 19:09:33,3601056
22/03/2019 19:10:34,3601056
22/03/2019 19:11:37,3601056
22/03/2019 19:12:38,3601056
22/03/2019 19:13:40,3601056
22/03/2019 19:14:42,3601056
22/03/2019 19:15:44,3601056
22/03/2019 19:16:45,3601056
22/03/2019 19:17:47,3601056
22/03/2019 19:18:48,3601056
22/03/2019 19:19:50,3601056
22/03/2019 19:20:52,3624754
22/03/2019 19:21:54,3624754
22/03/2019 19:22:55,3624754
22/03/2019 19:23:58,3624754
22/03/2019 19:25:00,3624754
22/03/2019 19:26:04,3624754
22/03/2019 19:27:06,3624754
22/03/2019 19:28:08,3624754
22/03/2019 19:29:09,3624754
22/03/2019 19:30:11,3624754
22/03/2019 19:31:14,3624754
22/03/2019 19:32:16,3624754
22/03/2019 19:33:18,3624754
22/03/2019 19:34:19,3624754
22/03/2019 19:35:21,3624754
22/03/2019 19:36:22,3624754
22/03/2019 19:37:24,3624754
22/03/2019 19:38:26,3624754
22/03/2019 19:39:28,3624754
22/03/2019 19:40:30,3624754
22/03/2019 19:41:31,3624754
22/03/2019 19:42:33,3624754
22/03/2019 19:43:34,3624754
22/03/2019 19:44:36,3624754
22/03/2019 19:45:38,3624754
22/03/2019 19:46:40,3624754
22/03/2019 19:47:41,3624754
22/03/2019 19:48:43,3624754
22/03/2019 19:49:45,3624754
22/03/2019 19:50:47,3624754
22/03/2019 19:51:49,3624754
22/03/2019 19:52:53,3624754
22/03/2019 19:53:55,3624754
22/03/2019 19:54:56,3624754
22/03/2019 19:55:59,3664812
22/03/2019 19:57:03,3664812
22/03/2019 19:58:05,3664812
22/03/2019 19:59:07,3664812
22/03/2019 20:00:09,3664812
22/03/2019 20:01:14,3664812
22/03/2019 20:02:15,3664812
22/03/2019 20:03:20,3664812
22/03/2019 20:04:22,3664812
22/03/2019 20:05:25,3664812
22/03/2019 20:06:27,3664812
22/03/2019 20:07:29,3664812
22/03/2019 20:08:30,3664812
22/03/2019 20:09:32,3664812
22/03/2019 20:10:33,3664812
22/03/2019 20:11:35,3664812
22/03/2019 20:12:37,3664812
22/03/2019 20:13:38,3664812
22/03/2019 20:14:40,3664812
22/03/2019 20:15:41,3664812
22/03/2019 20:16:43,3664812
22/03/2019 20:17:45,3664812
22/03/2019 20:18:46,3664812
22/03/2019 20:19:48,3664812
22/03/2019 20:20:53,3664812
22/03/2019 20:21:54,3664812
22/03/2019 20:22:57,3664812
22/03/2019 20:23:59,3664812
22/03/2019 20:25:04,3664812
22/03/2019 20:26:07,3664812
22/03/2019 20:27:08,3664812
22/03/2019 20:28:10,3664812
22/03/2019 20:29:13,3664812
22/03/2019 20:30:15,3664812
22/03/2019 20:31:17,3664812
22/03/2019 20:32:19,3664812
22/03/2019 20:33:21,3664812
22/03/2019 20:34:22,3664812
22/03/2019 20:36:07,3706979
22/03/2019 20:37:09,3706979
22/03/2019 20:38:10,3706979
22/03/2019 20:39:11,3706979
22/03/2019 20:40:13,3706979
22/03/2019 20:41:15,3706979
22/03/2019 20:42:16,3706979
22/03/2019 20:43:18,3706979
22/03/2019 20:44:19,3706979
22/03/2019 20:45:20,3706979
22/03/2019 20:46:22,3706979
22/03/2019 20:47:23,3706979
22/03/2019 20:48:25,3706979
22/03/2019 20:49:27,3706979
22/03/2019 20:50:28,3706979
22/03/2019 20:51:29,3706979
22/03/2019 20:52:31,3706979
22/03/2019 20:53:33,3706979
22/03/2019 20:54:34,3706979
22/03/2019 20:55:35,3706979
22/03/2019 20:56:37,3706979
22/03/2019 20:57:38,3706979
22/03/2019 20:58:41,3730471
22/03/2019 20:59:42,3730471
22/03/2019 21:00:44,3730471
22/03/2019 21:01:46,3730471
22/03/2019 21:02:47,3730471
22/03/2019 21:03:49,3730471
22/03/2019 21:04:51,3730471
22/03/2019 21:05:53,3730471
22/03/2019 21:06:56,3730471
22/03/2019 21:07:58,3730471
22/03/2019 21:09:00,3730471
22/03/2019 21:10:03,3730471
22/03/2019 21:11:07,3730471
22/03/2019 21:12:08,3730471
22/03/2019 21:13:10,3730471
22/03/2019 21:14:11,3730471
22/03/2019 21:15:13,3730471
22/03/2019 21:16:15,3730471
22/03/2019 21:17:17,3730471
22/03/2019 21:18:18,3730471
22/03/2019 21:19:20,3730471
22/03/2019 21:20:21,3730471
22/03/2019 21:21:23,3730471
22/03/2019 21:22:25,3730471
22/03/2019 21:23:27,3730471
22/03/2019 21:24:28,3730471
22/03/2019 21:25:30,3730471
22/03/2019 21:26:32,3730471
22/03/2019 21:27:34,3730471
22/03/2019 21:28:36,3759530
22/03/2019 21:29:38,3759530
22/03/2019 21:30:39,3759530
22/03/2019 21:31:41,3759530
22/03/2019 21:32:43,3759530
22/03/2019 21:33:44,3759530
22/03/2019 21:34:46,3759530
22/03/2019 21:35:47,3759530
22/03/2019 21:36:49,3759530
22/03/2019 21:37:50,3759530
22/03/2019 21:38:52,3759530
22/03/2019 21:39:54,3759530
22/03/2019 21:40:56,3759530
22/03/2019 21:41:58,3759530
22/03/2019 21:43:01,3759530
22/03/2019 21:44:03,3759530
22/03/2019 21:45:05,3759530
22/03/2019 21:46:08,3759530
22/03/2019 21:46:57,3759530
22/03/2019 21:52:04,3759530
22/03/2019 21:57:11,3759530
22/03/2019 22:02:18,3786948
22/03/2019 22:07:25,3786948
22/03/2019 22:12:31,3786948
22/03/2019 22:17:38,3786948
22/03/2019 22:22:46,3786948
22/03/2019 22:27:53,3786948
22/03/2019 22:33:00,3786948
22/03/2019 22:38:08,3786948
22/03/2019 22:43:15,3822258
22/03/2019 22:48:21,3822258
22/03/2019 22:53:28,3822258
22/03/2019 22:58:35,3822258
22/03/2019 23:03:42,3837480
22/03/2019 23:08:48,3837480
22/03/2019 23:13:56,3837480
22/03/2019 23:19:03,3837480
22/03/2019 23:24:10,3837480
22/03/2019 23:29:16,3852187
22/03/2019 23:34:23,3852187
22/03/2019 23:39:30,3852187
22/03/2019 23:44:36,3852187
22/03/2019 23:49:43,3852187
22/03/2019 23:54:50,3852187
22/03/2019 23:59:56,3852187
23/03/2019 00:05:04,3864674
23/03/2019 00:10:11,3864674
23/03/2019 00:15:17,3864674
23/03/2019 00:20:23,3864674
23/03/2019 00:25:29,3864674
23/03/2019 00:30:35,3872812
23/03/2019 00:35:41,3872812
23/03/2019 00:40:48,3872812
23/03/2019 00:45:53,3872812
23/03/2019 00:50:59,3872812
23/03/2019 00:56:08,3872812
23/03/2019 01:01:15,3878839
23/03/2019 01:06:21,3878839
23/03/2019 01:11:27,3878839
23/03/2019 01:16:32,3878839
23/03/2019 01:21:38,3878839
23/03/2019 01:26:44,3878839
23/03/2019 01:31:49,3882926
23/03/2019 01:36:55,3882926
23/03/2019 01:42:01,3882926
23/03/2019 01:47:08,3882926
23/03/2019 01:52:14,3882926
23/03/2019 01:57:20,3882926
23/03/2019 02:02:26,3882926
23/03/2019 02:07:32,3885883
23/03/2019 02:12:39,3885883
23/03/2019 02:17:46,3885883
23/03/2019 02:22:52,3885883
23/03/2019 02:27:58,3885883
23/03/2019 02:33:04,3888050
23/03/2019 02:38:10,3888050
23/03/2019 02:43:16,3888050
23/03/2019 02:48:22,3888050
23/03/2019 02:53:28,3888050
23/03/2019 02:58:34,3888050
23/03/2019 03:03:40,3889959
23/03/2019 03:08:46,3889959
23/03/2019 03:13:51,3889959
23/03/2019 03:18:57,3889959
23/03/2019 03:24:03,3889959
23/03/2019 03:29:09,3889959
23/03/2019 03:34:15,3891691
23/03/2019 03:39:21,3891691
23/03/2019 03:44:27,3891691
23/03/2019 03:49:32,3891691
23/03/2019 03:54:38,3891691
23/03/2019 03:59:44,3891691
23/03/2019 04:04:50,3893004
23/03/2019 04:09:56,3893004
23/03/2019 04:15:02,3893004
23/03/2019 04:20:10,3893004
23/03/2019 04:25:16,3893004
23/03/2019 04:30:21,3893004
23/03/2019 04:35:27,3893004
23/03/2019 04:40:33,3893004
23/03/2019 04:45:39,3893004
23/03/2019 04:50:45,3893004
23/03/2019 04:55:51,3893004
23/03/2019 05:00:56,3893004
23/03/2019 05:06:02,3896082
23/03/2019 05:11:08,3896082
23/03/2019 05:16:14,3896082
23/03/2019 05:21:20,3896082
23/03/2019 05:26:27,3896082
23/03/2019 05:31:33,3896082
23/03/2019 05:36:38,3898135
23/03/2019 05:41:44,3898135
23/03/2019 05:46:50,3898135
23/03/2019 05:51:56,3898135
23/03/2019 05:57:02,3898135
23/03/2019 06:02:08,3898135
23/03/2019 06:07:14,3898135
23/03/2019 06:12:21,3898135
23/03/2019 06:17:28,3898135
23/03/2019 06:22:34,3898135
23/03/2019 06:27:39,3898135
23/03/2019 06:32:46,3898135
23/03/2019 06:37:51,3898135
23/03/2019 06:42:57,3898135
23/03/2019 06:48:03,3898135
23/03/2019 06:53:09,3898135
23/03/2019 06:58:15,3898135
23/03/2019 07:03:20,3898135
23/03/2019 07:08:26,3898135
23/03/2019 07:13:32,3919388
23/03/2019 07:18:38,3919388
23/03/2019 07:23:44,3919388
23/03/2019 07:28:50,3919388
23/03/2019 07:33:56,3919388
23/03/2019 07:39:02,3919388
23/03/2019 07:44:08,3919388
23/03/2019 07:49:14,3919388
23/03/2019 07:54:19,3919388
23/03/2019 07:59:25,3943064
23/03/2019 08:04:31,3943064
23/03/2019 08:09:37,3943064
23/03/2019 08:14:43,3943064
23/03/2019 08:19:49,3943064
23/03/2019 08:24:55,3943064
23/03/2019 08:30:01,3943064
23/03/2019 08:35:10,3970364
23/03/2019 08:40:16,3970364
23/03/2019 08:45:22,3970364
23/03/2019 08:50:28,3980569
23/03/2019 08:55:34,3980569
23/03/2019 09:00:39,3980569
23/03/2019 09:05:45,3994949
23/03/2019 09:10:51,3998315
23/03/2019 09:15:57,4000239
23/03/2019 09:21:03,4008386
23/03/2019 09:26:09,4008386
23/03/2019 09:31:15,4008386
23/03/2019 09:36:21,4008386
23/03/2019 09:41:26,4026180
23/03/2019 09:46:32,4033204
23/03/2019 09:51:38,4033204
23/03/2019 09:56:44,4033204
23/03/2019 10:01:50,4033204
23/03/2019 10:06:56,4059236
23/03/2019 10:12:02,4059236
23/03/2019 10:17:08,4059236
23/03/2019 10:22:14,4059236
23/03/2019 10:27:20,4059236
23/03/2019 10:32:26,4086736
23/03/2019 10:37:31,4086721
23/03/2019 10:42:37,4086721
23/03/2019 10:47:43,4105117
23/03/2019 10:52:49,4105117
23/03/2019 10:57:55,4105117
23/03/2019 11:03:00,4119971
23/03/2019 11:08:07,4119971
23/03/2019 11:13:13,4119971
23/03/2019 11:18:18,4119971
23/03/2019 11:23:24,4119971
23/03/2019 11:28:30,4119971
23/03/2019 11:33:37,4151815
23/03/2019 11:38:43,4151815
23/03/2019 11:43:49,4151815
23/03/2019 11:48:57,4167129
23/03/2019 11:54:02,4167129
23/03/2019 11:59:08,4167129
23/03/2019 12:04:14,4181961
23/03/2019 12:09:20,4181961
23/03/2019 12:14:26,4181961
23/03/2019 12:19:32,4181961
23/03/2019 12:24:38,4181961
23/03/2019 12:29:43,4208374
23/03/2019 12:34:49,4208374
23/03/2019 12:39:55,4222661
23/03/2019 12:45:01,4222918
23/03/2019 12:50:09,4222918
23/03/2019 12:55:15,4233613
23/03/2019 13:00:21,4242721
23/03/2019 13:05:26,4244520
23/03/2019 13:10:32,4252875
23/03/2019 13:15:38,4252875
23/03/2019 13:20:44,4252875
23/03/2019 13:25:50,4252875
23/03/2019 13:30:56,4275842
23/03/2019 13:36:02,4275842
23/03/2019 13:41:08,4275842
23/03/2019 13:46:14,4275842
23/03/2019 13:51:20,4275842
23/03/2019 13:56:27,4275842
23/03/2019 14:01:32,4305786
23/03/2019 14:06:39,4305786
23/03/2019 14:11:44,4305786
23/03/2019 14:16:50,4305786
23/03/2019 14:21:56,4305786
23/03/2019 14:27:02,4305786
23/03/2019 14:32:08,4305786
23/03/2019 14:37:14,4337268
23/03/2019 14:42:20,4341176
23/03/2019 14:47:27,4341176
23/03/2019 14:52:32,4341176
23/03/2019 14:57:38,4341176
23/03/2019 15:02:45,4341176
23/03/2019 15:07:51,4341176
23/03/2019 15:12:56,4341176
23/03/2019 15:18:03,4366791
23/03/2019 15:23:09,4366791
23/03/2019 15:28:15,4366791
23/03/2019 15:33:21,4366791
23/03/2019 15:38:27,4366791
23/03/2019 15:43:33,4366791
23/03/2019 15:48:38,4392160
23/03/2019 15:53:44,4392160
23/03/2019 15:58:51,4392160
23/03/2019 16:03:58,4392160
23/03/2019 16:09:05,4392160
23/03/2019 16:14:11,4392160
23/03/2019 16:19:17,4418270
23/03/2019 16:24:23,4420599
23/03/2019 16:29:29,4420599
23/03/2019 16:34:36,4430559
23/03/2019 16:39:42,4436429
23/03/2019 16:44:48,4439673
23/03/2019 16:49:54,4442314
23/03/2019 16:55:00,4449068
23/03/2019 17:00:08,4452580
23/03/2019 17:05:15,4456315
23/03/2019 17:10:21,4456315
23/03/2019 17:15:28,4456315
23/03/2019 17:20:34,4456315
23/03/2019 17:25:40,4478128
23/03/2019 17:30:47,4481799
23/03/2019 17:35:53,4485538
23/03/2019 17:40:59,4489208
23/03/2019 17:46:06,4496700
23/03/2019 17:51:12,4501145
23/03/2019 17:56:18,4505115
23/03/2019 18:01:24,4513187
23/03/2019 18:06:30,4517004
23/03/2019 18:11:36,4521021
23/03/2019 18:16:43,4525011
23/03/2019 18:21:50,4532289
23/03/2019 18:26:56,4535784
23/03/2019 18:32:02,4540744
23/03/2019 18:37:09,4544066
23/03/2019 18:42:15,4547568
23/03/2019 18:47:22,4554492
23/03/2019 18:52:28,4557763
23/03/2019 18:57:34,4560998
23/03/2019 19:02:40,4567669
23/03/2019 19:07:47,4571110
23/03/2019 19:12:53,4574920
23/03/2019 19:17:59,4578325
23/03/2019 19:23:06,4584767
23/03/2019 19:28:12,4587933
23/03/2019 19:33:18,4591078
23/03/2019 19:38:25,4597797
23/03/2019 19:43:31,4600973
23/03/2019 19:48:37,4604071
